run_id,timestamp,universe,benchmark,timeframe,top_k,symbol,predicted_probability,selected_for_top_k,rank
paper_20260706T215107Z_88859d26,2026-07-06T21:51:10.861747+00:00,original_tech,QQQ,1Hour,5,AMZN,0.5323427,True,1
paper_20260706T215107Z_88859d26,2026-07-06T21:51:10.861747+00:00,original_tech,QQQ,1Hour,5,AMD,0.50312626,True,2
paper_20260706T215107Z_88859d26,2026-07-06T21:51:10.861747+00:00,original_tech,QQQ,1Hour,5,NVDA,0.5015694,True,3
paper_20260706T215107Z_88859d26,2026-07-06T21:51:10.861747+00:00,original_tech,QQQ,1Hour,5,AAPL,0.50003445,True,4
paper_20260706T215107Z_88859d26,2026-07-06T21:51:10.861747+00:00,original_tech,QQQ,1Hour,5,MSFT,0.49954528,True,5
paper_20260706T215107Z_88859d26,2026-07-06T21:51:10.861747+00:00,original_tech,QQQ,1Hour,5,INTC,0.498846,False,6
paper_20260706T215107Z_88859d26,2026-07-06T21:51:10.861747+00:00,original_tech,QQQ,1Hour,5,GOOGL,0.49707806,False,7
paper_20260706T215107Z_88859d26,2026-07-06T21:51:10.861747+00:00,original_tech,QQQ,1Hour,5,META,0.48755217,False,8
paper_20260706T215107Z_88859d26,2026-07-06T21:51:10.861747+00:00,original_tech,QQQ,1Hour,5,TSLA,0.4838676,False,9
paper_20260706T215107Z_88859d26,2026-07-06T21:51:10.861747+00:00,original_tech,QQQ,1Hour,5,ADBE,0.47190523,False,10
paper_20260706T215107Z_88859d26,2026-07-06T21:51:13.725983+00:00,tech_no_nvda,QQQ,1Hour,5,AMZN,0.5323427,True,1
paper_20260706T215107Z_88859d26,2026-07-06T21:51:13.725983+00:00,tech_no_nvda,QQQ,1Hour,5,AMD,0.50312626,True,2
paper_20260706T215107Z_88859d26,2026-07-06T21:51:13.725983+00:00,tech_no_nvda,QQQ,1Hour,5,AAPL,0.50003445,True,3
paper_20260706T215107Z_88859d26,2026-07-06T21:51:13.725983+00:00,tech_no_nvda,QQQ,1Hour,5,MSFT,0.49954528,True,4
paper_20260706T215107Z_88859d26,2026-07-06T21:51:13.725983+00:00,tech_no_nvda,QQQ,1Hour,5,INTC,0.498846,True,5
paper_20260706T215107Z_88859d26,2026-07-06T21:51:13.725983+00:00,tech_no_nvda,QQQ,1Hour,5,GOOGL,0.49707806,False,6
paper_20260706T215107Z_88859d26,2026-07-06T21:51:13.725983+00:00,tech_no_nvda,QQQ,1Hour,5,META,0.48755217,False,7
paper_20260706T215107Z_88859d26,2026-07-06T21:51:13.725983+00:00,tech_no_nvda,QQQ,1Hour,5,TSLA,0.4838676,False,8
paper_20260706T215107Z_88859d26,2026-07-06T21:51:13.725983+00:00,tech_no_nvda,QQQ,1Hour,5,ADBE,0.47190523,False,9
paper_20260706T215238Z_6ea007ff,2026-07-06T21:52:41.405391+00:00,original_tech,QQQ,1Hour,5,AMZN,0.5323427,True,1
paper_20260706T215238Z_6ea007ff,2026-07-06T21:52:41.405391+00:00,original_tech,QQQ,1Hour,5,AMD,0.50312626,True,2
paper_20260706T215238Z_6ea007ff,2026-07-06T21:52:41.405391+00:00,original_tech,QQQ,1Hour,5,NVDA,0.5015694,True,3
paper_20260706T215238Z_6ea007ff,2026-07-06T21:52:41.405391+00:00,original_tech,QQQ,1Hour,5,AAPL,0.50003445,True,4
paper_20260706T215238Z_6ea007ff,2026-07-06T21:52:41.405391+00:00,original_tech,QQQ,1Hour,5,MSFT,0.49954528,True,5
paper_20260706T215238Z_6ea007ff,2026-07-06T21:52:41.405391+00:00,original_tech,QQQ,1Hour,5,INTC,0.498846,False,6
paper_20260706T215238Z_6ea007ff,2026-07-06T21:52:41.405391+00:00,original_tech,QQQ,1Hour,5,GOOGL,0.49707806,False,7
paper_20260706T215238Z_6ea007ff,2026-07-06T21:52:41.405391+00:00,original_tech,QQQ,1Hour,5,META,0.48755217,False,8
paper_20260706T215238Z_6ea007ff,2026-07-06T21:52:41.405391+00:00,original_tech,QQQ,1Hour,5,TSLA,0.4838676,False,9
paper_20260706T215238Z_6ea007ff,2026-07-06T21:52:41.405391+00:00,original_tech,QQQ,1Hour,5,ADBE,0.47190523,False,10
paper_20260706T215238Z_6ea007ff,2026-07-06T21:52:44.432405+00:00,tech_no_nvda,QQQ,1Hour,5,AMZN,0.5323427,True,1
paper_20260706T215238Z_6ea007ff,2026-07-06T21:52:44.432405+00:00,tech_no_nvda,QQQ,1Hour,5,AMD,0.50312626,True,2
paper_20260706T215238Z_6ea007ff,2026-07-06T21:52:44.432405+00:00,tech_no_nvda,QQQ,1Hour,5,AAPL,0.50003445,True,3
paper_20260706T215238Z_6ea007ff,2026-07-06T21:52:44.432405+00:00,tech_no_nvda,QQQ,1Hour,5,MSFT,0.49954528,True,4
paper_20260706T215238Z_6ea007ff,2026-07-06T21:52:44.432405+00:00,tech_no_nvda,QQQ,1Hour,5,INTC,0.498846,True,5
paper_20260706T215238Z_6ea007ff,2026-07-06T21:52:44.432405+00:00,tech_no_nvda,QQQ,1Hour,5,GOOGL,0.49707806,False,6
paper_20260706T215238Z_6ea007ff,2026-07-06T21:52:44.432405+00:00,tech_no_nvda,QQQ,1Hour,5,META,0.48755217,False,7
paper_20260706T215238Z_6ea007ff,2026-07-06T21:52:44.432405+00:00,tech_no_nvda,QQQ,1Hour,5,TSLA,0.4838676,False,8
paper_20260706T215238Z_6ea007ff,2026-07-06T21:52:44.432405+00:00,tech_no_nvda,QQQ,1Hour,5,ADBE,0.47190523,False,9
paper_20260706T215238Z_6ea007ff,2026-07-06T21:52:47.506011+00:00,new_tech,QQQ,1Hour,5,MU,0.58450264,True,1
paper_20260706T215238Z_6ea007ff,2026-07-06T21:52:47.506011+00:00,new_tech,QQQ,1Hour,5,ORCL,0.530263,True,2
paper_20260706T215238Z_6ea007ff,2026-07-06T21:52:47.506011+00:00,new_tech,QQQ,1Hour,5,CRWD,0.51938456,True,3
paper_20260706T215238Z_6ea007ff,2026-07-06T21:52:47.506011+00:00,new_tech,QQQ,1Hour,5,NOW,0.50720036,True,4
paper_20260706T215238Z_6ea007ff,2026-07-06T21:52:47.506011+00:00,new_tech,QQQ,1Hour,5,NET,0.5001907,True,5
paper_20260706T215238Z_6ea007ff,2026-07-06T21:52:47.506011+00:00,new_tech,QQQ,1Hour,5,SNOW,0.49943718,False,6
paper_20260706T215238Z_6ea007ff,2026-07-06T21:52:47.506011+00:00,new_tech,QQQ,1Hour,5,CSCO,0.49214813,False,7
paper_20260706T215238Z_6ea007ff,2026-07-06T21:52:47.506011+00:00,new_tech,QQQ,1Hour,5,DELL,0.47089246,False,8
paper_20260706T215238Z_6ea007ff,2026-07-06T21:52:47.506011+00:00,new_tech,QQQ,1Hour,5,PLTR,0.4697881,False,9
paper_20260706T215238Z_6ea007ff,2026-07-06T21:52:47.506011+00:00,new_tech,QQQ,1Hour,5,SMCI,0.4535785,False,10
paper_20260706T215238Z_6ea007ff,2026-07-06T21:52:50.615152+00:00,defensive_non_tech,SPY,1Hour,5,ABBV,0.5233864,True,1
paper_20260706T215238Z_6ea007ff,2026-07-06T21:52:50.615152+00:00,defensive_non_tech,SPY,1Hour,5,KO,0.51488656,True,2
paper_20260706T215238Z_6ea007ff,2026-07-06T21:52:50.615152+00:00,defensive_non_tech,SPY,1Hour,5,CVX,0.5026108,True,3
paper_20260706T215238Z_6ea007ff,2026-07-06T21:52:50.615152+00:00,defensive_non_tech,SPY,1Hour,5,WMT,0.4973548,True,4
paper_20260706T215238Z_6ea007ff,2026-07-06T21:52:50.615152+00:00,defensive_non_tech,SPY,1Hour,5,COST,0.49525386,True,5
paper_20260706T215238Z_6ea007ff,2026-07-06T21:52:50.615152+00:00,defensive_non_tech,SPY,1Hour,5,XOM,0.49119473,False,6
paper_20260706T215238Z_6ea007ff,2026-07-06T21:52:50.615152+00:00,defensive_non_tech,SPY,1Hour,5,PG,0.48791492,False,7
paper_20260706T215238Z_6ea007ff,2026-07-06T21:52:50.615152+00:00,defensive_non_tech,SPY,1Hour,5,JNJ,0.48531806,False,8
paper_20260706T215238Z_6ea007ff,2026-07-06T21:52:50.615152+00:00,defensive_non_tech,SPY,1Hour,5,PEP,0.48094973,False,9
paper_20260706T215238Z_6ea007ff,2026-07-06T21:52:50.615152+00:00,defensive_non_tech,SPY,1Hour,5,MRK,0.4713467,False,10
paper_20260707T133016Z_59ac6cfe,2026-07-07T13:30:19.999060+00:00,original_tech,QQQ,1Hour,5,AMD,0.52750355,True,1
paper_20260707T133016Z_59ac6cfe,2026-07-07T13:30:19.999060+00:00,original_tech,QQQ,1Hour,5,NVDA,0.51126415,True,2
paper_20260707T133016Z_59ac6cfe,2026-07-07T13:30:19.999060+00:00,original_tech,QQQ,1Hour,5,INTC,0.50866294,True,3
paper_20260707T133016Z_59ac6cfe,2026-07-07T13:30:19.999060+00:00,original_tech,QQQ,1Hour,5,GOOGL,0.4974024,True,4
paper_20260707T133016Z_59ac6cfe,2026-07-07T13:30:19.999060+00:00,original_tech,QQQ,1Hour,5,AMZN,0.49418962,True,5
paper_20260707T133016Z_59ac6cfe,2026-07-07T13:30:19.999060+00:00,original_tech,QQQ,1Hour,5,MSFT,0.4915076,False,6
paper_20260707T133016Z_59ac6cfe,2026-07-07T13:30:19.999060+00:00,original_tech,QQQ,1Hour,5,TSLA,0.48789477,False,7
paper_20260707T133016Z_59ac6cfe,2026-07-07T13:30:19.999060+00:00,original_tech,QQQ,1Hour,5,META,0.47015533,False,8
paper_20260707T133016Z_59ac6cfe,2026-07-07T13:30:19.999060+00:00,original_tech,QQQ,1Hour,5,AAPL,0.45019138,False,9
paper_20260707T133016Z_59ac6cfe,2026-07-07T13:30:19.999060+00:00,original_tech,QQQ,1Hour,5,ADBE,0.44537282,False,10
paper_20260707T133016Z_59ac6cfe,2026-07-07T13:30:24.650399+00:00,tech_no_nvda,QQQ,1Hour,5,AMD,0.52769387,True,1
paper_20260707T133016Z_59ac6cfe,2026-07-07T13:30:24.650399+00:00,tech_no_nvda,QQQ,1Hour,5,INTC,0.50834656,True,2
paper_20260707T133016Z_59ac6cfe,2026-07-07T13:30:24.650399+00:00,tech_no_nvda,QQQ,1Hour,5,GOOGL,0.49839857,True,3
paper_20260707T133016Z_59ac6cfe,2026-07-07T13:30:24.650399+00:00,tech_no_nvda,QQQ,1Hour,5,AMZN,0.495091,True,4
paper_20260707T133016Z_59ac6cfe,2026-07-07T13:30:24.650399+00:00,tech_no_nvda,QQQ,1Hour,5,MSFT,0.49185866,True,5
paper_20260707T133016Z_59ac6cfe,2026-07-07T13:30:24.650399+00:00,tech_no_nvda,QQQ,1Hour,5,TSLA,0.48844528,False,6
paper_20260707T133016Z_59ac6cfe,2026-07-07T13:30:24.650399+00:00,tech_no_nvda,QQQ,1Hour,5,META,0.46985283,False,7
paper_20260707T133016Z_59ac6cfe,2026-07-07T13:30:24.650399+00:00,tech_no_nvda,QQQ,1Hour,5,AAPL,0.45095408,False,8
paper_20260707T133016Z_59ac6cfe,2026-07-07T13:30:24.650399+00:00,tech_no_nvda,QQQ,1Hour,5,ADBE,0.44371688,False,9
paper_20260707T133016Z_59ac6cfe,2026-07-07T13:30:28.851789+00:00,new_tech,QQQ,1Hour,5,MU,0.6020388,True,1
paper_20260707T133016Z_59ac6cfe,2026-07-07T13:30:28.851789+00:00,new_tech,QQQ,1Hour,5,NET,0.50012827,True,2
paper_20260707T133016Z_59ac6cfe,2026-07-07T13:30:28.851789+00:00,new_tech,QQQ,1Hour,5,CSCO,0.4828665,True,3
paper_20260707T133016Z_59ac6cfe,2026-07-07T13:30:28.851789+00:00,new_tech,QQQ,1Hour,5,SNOW,0.48126525,True,4
paper_20260707T133016Z_59ac6cfe,2026-07-07T13:30:28.851789+00:00,new_tech,QQQ,1Hour,5,DELL,0.47545847,True,5
paper_20260707T133016Z_59ac6cfe,2026-07-07T13:30:28.851789+00:00,new_tech,QQQ,1Hour,5,ORCL,0.4747659,False,6
paper_20260707T133016Z_59ac6cfe,2026-07-07T13:30:28.851789+00:00,new_tech,QQQ,1Hour,5,NOW,0.46705487,False,7
paper_20260707T133016Z_59ac6cfe,2026-07-07T13:30:28.851789+00:00,new_tech,QQQ,1Hour,5,SMCI,0.44419006,False,8
paper_20260707T133016Z_59ac6cfe,2026-07-07T13:30:28.851789+00:00,new_tech,QQQ,1Hour,5,PLTR,0.4282279,False,9
paper_20260707T133016Z_59ac6cfe,2026-07-07T13:30:28.851789+00:00,new_tech,QQQ,1Hour,5,CRWD,0.42051148,False,10
paper_20260707T133016Z_59ac6cfe,2026-07-07T13:30:33.260283+00:00,defensive_non_tech,SPY,1Hour,5,MRK,0.52151513,True,1
paper_20260707T133016Z_59ac6cfe,2026-07-07T13:30:33.260283+00:00,defensive_non_tech,SPY,1Hour,5,XOM,0.5168019,True,2
paper_20260707T133016Z_59ac6cfe,2026-07-07T13:30:33.260283+00:00,defensive_non_tech,SPY,1Hour,5,CVX,0.5088852,True,3
paper_20260707T133016Z_59ac6cfe,2026-07-07T13:30:33.260283+00:00,defensive_non_tech,SPY,1Hour,5,KO,0.5075729,True,4
paper_20260707T133016Z_59ac6cfe,2026-07-07T13:30:33.260283+00:00,defensive_non_tech,SPY,1Hour,5,COST,0.50020033,True,5
paper_20260707T133016Z_59ac6cfe,2026-07-07T13:30:33.260283+00:00,defensive_non_tech,SPY,1Hour,5,WMT,0.49899197,False,6
paper_20260707T133016Z_59ac6cfe,2026-07-07T13:30:33.260283+00:00,defensive_non_tech,SPY,1Hour,5,PG,0.49382615,False,7
paper_20260707T133016Z_59ac6cfe,2026-07-07T13:30:33.260283+00:00,defensive_non_tech,SPY,1Hour,5,JNJ,0.48882157,False,8
paper_20260707T133016Z_59ac6cfe,2026-07-07T13:30:33.260283+00:00,defensive_non_tech,SPY,1Hour,5,PEP,0.4876195,False,9
paper_20260707T133016Z_59ac6cfe,2026-07-07T13:30:33.260283+00:00,defensive_non_tech,SPY,1Hour,5,ABBV,0.48441955,False,10
paper_20260707T140039Z_c081b756,2026-07-07T14:00:42.945227+00:00,original_tech,QQQ,1Hour,5,AMD,0.5485594,True,1
paper_20260707T140039Z_c081b756,2026-07-07T14:00:42.945227+00:00,original_tech,QQQ,1Hour,5,INTC,0.53151,True,2
paper_20260707T140039Z_c081b756,2026-07-07T14:00:42.945227+00:00,original_tech,QQQ,1Hour,5,MSFT,0.46749225,True,3
paper_20260707T140039Z_c081b756,2026-07-07T14:00:42.945227+00:00,original_tech,QQQ,1Hour,5,NVDA,0.46039355,True,4
paper_20260707T140039Z_c081b756,2026-07-07T14:00:42.945227+00:00,original_tech,QQQ,1Hour,5,AMZN,0.45817244,True,5
paper_20260707T140039Z_c081b756,2026-07-07T14:00:42.945227+00:00,original_tech,QQQ,1Hour,5,TSLA,0.45594543,False,6
paper_20260707T140039Z_c081b756,2026-07-07T14:00:42.945227+00:00,original_tech,QQQ,1Hour,5,GOOGL,0.44576675,False,7
paper_20260707T140039Z_c081b756,2026-07-07T14:00:42.945227+00:00,original_tech,QQQ,1Hour,5,META,0.44446164,False,8
paper_20260707T140039Z_c081b756,2026-07-07T14:00:42.945227+00:00,original_tech,QQQ,1Hour,5,AAPL,0.4398266,False,9
paper_20260707T140039Z_c081b756,2026-07-07T14:00:42.945227+00:00,original_tech,QQQ,1Hour,5,ADBE,0.4164655,False,10
paper_20260707T140149Z_2cafa45b,2026-07-07T14:01:52.809989+00:00,original_tech,QQQ,1Hour,5,AMD,0.5489203,True,1
paper_20260707T140149Z_2cafa45b,2026-07-07T14:01:52.809989+00:00,original_tech,QQQ,1Hour,5,INTC,0.5286588,True,2
paper_20260707T140149Z_2cafa45b,2026-07-07T14:01:52.809989+00:00,original_tech,QQQ,1Hour,5,MSFT,0.46602124,True,3
paper_20260707T140149Z_2cafa45b,2026-07-07T14:01:52.809989+00:00,original_tech,QQQ,1Hour,5,NVDA,0.45689237,True,4
paper_20260707T140149Z_2cafa45b,2026-07-07T14:01:52.809989+00:00,original_tech,QQQ,1Hour,5,AMZN,0.45604065,True,5
paper_20260707T140149Z_2cafa45b,2026-07-07T14:01:52.809989+00:00,original_tech,QQQ,1Hour,5,TSLA,0.44757834,False,6
paper_20260707T140149Z_2cafa45b,2026-07-07T14:01:52.809989+00:00,original_tech,QQQ,1Hour,5,GOOGL,0.4440738,False,7
paper_20260707T140149Z_2cafa45b,2026-07-07T14:01:52.809989+00:00,original_tech,QQQ,1Hour,5,META,0.44298396,False,8
paper_20260707T140149Z_2cafa45b,2026-07-07T14:01:52.809989+00:00,original_tech,QQQ,1Hour,5,AAPL,0.43796793,False,9
paper_20260707T140149Z_2cafa45b,2026-07-07T14:01:52.809989+00:00,original_tech,QQQ,1Hour,5,ADBE,0.41721952,False,10
paper_20260707T140259Z_a49b9be1,2026-07-07T14:03:02.075444+00:00,original_tech,QQQ,1Hour,5,AMD,0.5476233,True,1
paper_20260707T140259Z_a49b9be1,2026-07-07T14:03:02.075444+00:00,original_tech,QQQ,1Hour,5,INTC,0.52848655,True,2
paper_20260707T140259Z_a49b9be1,2026-07-07T14:03:02.075444+00:00,original_tech,QQQ,1Hour,5,MSFT,0.4684629,True,3
paper_20260707T140259Z_a49b9be1,2026-07-07T14:03:02.075444+00:00,original_tech,QQQ,1Hour,5,NVDA,0.4596884,True,4
paper_20260707T140259Z_a49b9be1,2026-07-07T14:03:02.075444+00:00,original_tech,QQQ,1Hour,5,AMZN,0.4566709,True,5
paper_20260707T140259Z_a49b9be1,2026-07-07T14:03:02.075444+00:00,original_tech,QQQ,1Hour,5,TSLA,0.4491201,False,6
paper_20260707T140259Z_a49b9be1,2026-07-07T14:03:02.075444+00:00,original_tech,QQQ,1Hour,5,META,0.4455618,False,7
paper_20260707T140259Z_a49b9be1,2026-07-07T14:03:02.075444+00:00,original_tech,QQQ,1Hour,5,GOOGL,0.4454424,False,8
paper_20260707T140259Z_a49b9be1,2026-07-07T14:03:02.075444+00:00,original_tech,QQQ,1Hour,5,AAPL,0.4443837,False,9
paper_20260707T140259Z_a49b9be1,2026-07-07T14:03:02.075444+00:00,original_tech,QQQ,1Hour,5,ADBE,0.41956675,False,10
paper_20260707T140259Z_a49b9be1,2026-07-07T14:03:05.581205+00:00,tech_no_nvda,QQQ,1Hour,5,AMD,0.54765093,True,1
paper_20260707T140259Z_a49b9be1,2026-07-07T14:03:05.581205+00:00,tech_no_nvda,QQQ,1Hour,5,INTC,0.52805144,True,2
paper_20260707T140259Z_a49b9be1,2026-07-07T14:03:05.581205+00:00,tech_no_nvda,QQQ,1Hour,5,MSFT,0.46751174,True,3
paper_20260707T140259Z_a49b9be1,2026-07-07T14:03:05.581205+00:00,tech_no_nvda,QQQ,1Hour,5,AMZN,0.4555307,True,4
paper_20260707T140259Z_a49b9be1,2026-07-07T14:03:05.581205+00:00,tech_no_nvda,QQQ,1Hour,5,TSLA,0.44901788,True,5
paper_20260707T140259Z_a49b9be1,2026-07-07T14:03:05.581205+00:00,tech_no_nvda,QQQ,1Hour,5,GOOGL,0.44429144,False,6
paper_20260707T140259Z_a49b9be1,2026-07-07T14:03:05.581205+00:00,tech_no_nvda,QQQ,1Hour,5,META,0.44399306,False,7
paper_20260707T140259Z_a49b9be1,2026-07-07T14:03:05.581205+00:00,tech_no_nvda,QQQ,1Hour,5,AAPL,0.44384295,False,8
paper_20260707T140259Z_a49b9be1,2026-07-07T14:03:05.581205+00:00,tech_no_nvda,QQQ,1Hour,5,ADBE,0.41872743,False,9
paper_20260707T140259Z_a49b9be1,2026-07-07T14:03:09.651316+00:00,new_tech,QQQ,1Hour,5,MU,0.6244072,True,1
paper_20260707T140259Z_a49b9be1,2026-07-07T14:03:09.651316+00:00,new_tech,QQQ,1Hour,5,CRWD,0.6199696,True,2
paper_20260707T140259Z_a49b9be1,2026-07-07T14:03:09.651316+00:00,new_tech,QQQ,1Hour,5,SMCI,0.49288297,True,3
paper_20260707T140259Z_a49b9be1,2026-07-07T14:03:09.651316+00:00,new_tech,QQQ,1Hour,5,NET,0.46273673,True,4
paper_20260707T140259Z_a49b9be1,2026-07-07T14:03:09.651316+00:00,new_tech,QQQ,1Hour,5,CSCO,0.46008205,True,5
paper_20260707T140259Z_a49b9be1,2026-07-07T14:03:09.651316+00:00,new_tech,QQQ,1Hour,5,SNOW,0.44456097,False,6
paper_20260707T140259Z_a49b9be1,2026-07-07T14:03:09.651316+00:00,new_tech,QQQ,1Hour,5,ORCL,0.44113773,False,7
paper_20260707T140259Z_a49b9be1,2026-07-07T14:03:09.651316+00:00,new_tech,QQQ,1Hour,5,DELL,0.4177599,False,8
paper_20260707T140259Z_a49b9be1,2026-07-07T14:03:09.651316+00:00,new_tech,QQQ,1Hour,5,PLTR,0.37993115,False,9
paper_20260707T140259Z_a49b9be1,2026-07-07T14:03:09.651316+00:00,new_tech,QQQ,1Hour,5,NOW,0.3793243,False,10
paper_20260707T140259Z_a49b9be1,2026-07-07T14:03:13.500093+00:00,defensive_non_tech,SPY,1Hour,5,MRK,0.5183784,True,1
paper_20260707T140259Z_a49b9be1,2026-07-07T14:03:13.500093+00:00,defensive_non_tech,SPY,1Hour,5,XOM,0.5048863,True,2
paper_20260707T140259Z_a49b9be1,2026-07-07T14:03:13.500093+00:00,defensive_non_tech,SPY,1Hour,5,CVX,0.49585822,True,3
paper_20260707T140259Z_a49b9be1,2026-07-07T14:03:13.500093+00:00,defensive_non_tech,SPY,1Hour,5,WMT,0.48507008,True,4
paper_20260707T140259Z_a49b9be1,2026-07-07T14:03:13.500093+00:00,defensive_non_tech,SPY,1Hour,5,KO,0.48120484,True,5
paper_20260707T140259Z_a49b9be1,2026-07-07T14:03:13.500093+00:00,defensive_non_tech,SPY,1Hour,5,COST,0.4721582,False,6
paper_20260707T140259Z_a49b9be1,2026-07-07T14:03:13.500093+00:00,defensive_non_tech,SPY,1Hour,5,ABBV,0.47183397,False,7
paper_20260707T140259Z_a49b9be1,2026-07-07T14:03:13.500093+00:00,defensive_non_tech,SPY,1Hour,5,PG,0.46904022,False,8
paper_20260707T140259Z_a49b9be1,2026-07-07T14:03:13.500093+00:00,defensive_non_tech,SPY,1Hour,5,PEP,0.45724502,False,9
paper_20260707T140259Z_a49b9be1,2026-07-07T14:03:13.500093+00:00,defensive_non_tech,SPY,1Hour,5,JNJ,0.43623918,False,10
paper_20260707T150023Z_748ae2bb,2026-07-07T15:00:31.871339+00:00,original_tech,QQQ,1Hour,5,NVDA,0.50536937,True,1
paper_20260707T150023Z_748ae2bb,2026-07-07T15:00:31.871339+00:00,original_tech,QQQ,1Hour,5,GOOGL,0.5050113,True,2
paper_20260707T150023Z_748ae2bb,2026-07-07T15:00:31.871339+00:00,original_tech,QQQ,1Hour,5,AMZN,0.50023973,True,3
paper_20260707T150023Z_748ae2bb,2026-07-07T15:00:31.871339+00:00,original_tech,QQQ,1Hour,5,META,0.48642227,True,4
paper_20260707T150023Z_748ae2bb,2026-07-07T15:00:31.871339+00:00,original_tech,QQQ,1Hour,5,TSLA,0.4748478,True,5
paper_20260707T150023Z_748ae2bb,2026-07-07T15:00:31.871339+00:00,original_tech,QQQ,1Hour,5,INTC,0.4714914,False,6
paper_20260707T150023Z_748ae2bb,2026-07-07T15:00:31.871339+00:00,original_tech,QQQ,1Hour,5,MSFT,0.4659559,False,7
paper_20260707T150023Z_748ae2bb,2026-07-07T15:00:31.871339+00:00,original_tech,QQQ,1Hour,5,AAPL,0.4294435,False,8
paper_20260707T150023Z_748ae2bb,2026-07-07T15:00:31.871339+00:00,original_tech,QQQ,1Hour,5,ADBE,0.39269876,False,9
paper_20260707T150023Z_748ae2bb,2026-07-07T15:00:31.871339+00:00,original_tech,QQQ,1Hour,5,AMD,0.38624322,False,10
paper_20260707T150023Z_748ae2bb,2026-07-07T15:00:35.874128+00:00,tech_no_nvda,QQQ,1Hour,5,GOOGL,0.50485367,True,1
paper_20260707T150023Z_748ae2bb,2026-07-07T15:00:35.874128+00:00,tech_no_nvda,QQQ,1Hour,5,AMZN,0.4995593,True,2
paper_20260707T150023Z_748ae2bb,2026-07-07T15:00:35.874128+00:00,tech_no_nvda,QQQ,1Hour,5,META,0.48506346,True,3
paper_20260707T150023Z_748ae2bb,2026-07-07T15:00:35.874128+00:00,tech_no_nvda,QQQ,1Hour,5,TSLA,0.47504282,True,4
paper_20260707T150023Z_748ae2bb,2026-07-07T15:00:35.874128+00:00,tech_no_nvda,QQQ,1Hour,5,INTC,0.47211197,True,5
paper_20260707T150023Z_748ae2bb,2026-07-07T15:00:35.874128+00:00,tech_no_nvda,QQQ,1Hour,5,MSFT,0.4651533,False,6
paper_20260707T150023Z_748ae2bb,2026-07-07T15:00:35.874128+00:00,tech_no_nvda,QQQ,1Hour,5,AAPL,0.42866346,False,7
paper_20260707T150023Z_748ae2bb,2026-07-07T15:00:35.874128+00:00,tech_no_nvda,QQQ,1Hour,5,ADBE,0.3920248,False,8
paper_20260707T150023Z_748ae2bb,2026-07-07T15:00:35.874128+00:00,tech_no_nvda,QQQ,1Hour,5,AMD,0.3813547,False,9
paper_20260707T150023Z_748ae2bb,2026-07-07T15:00:39.737119+00:00,new_tech,QQQ,1Hour,5,CRWD,0.53114736,True,1
paper_20260707T150023Z_748ae2bb,2026-07-07T15:00:39.737119+00:00,new_tech,QQQ,1Hour,5,MU,0.52730006,True,2
paper_20260707T150023Z_748ae2bb,2026-07-07T15:00:39.737119+00:00,new_tech,QQQ,1Hour,5,NET,0.5244247,True,3
paper_20260707T150023Z_748ae2bb,2026-07-07T15:00:39.737119+00:00,new_tech,QQQ,1Hour,5,CSCO,0.5235353,True,4
paper_20260707T150023Z_748ae2bb,2026-07-07T15:00:39.737119+00:00,new_tech,QQQ,1Hour,5,DELL,0.50431365,True,5
paper_20260707T150023Z_748ae2bb,2026-07-07T15:00:39.737119+00:00,new_tech,QQQ,1Hour,5,SNOW,0.4955571,False,6
paper_20260707T150023Z_748ae2bb,2026-07-07T15:00:39.737119+00:00,new_tech,QQQ,1Hour,5,NOW,0.482569,False,7
paper_20260707T150023Z_748ae2bb,2026-07-07T15:00:39.737119+00:00,new_tech,QQQ,1Hour,5,ORCL,0.4284869,False,8
paper_20260707T150023Z_748ae2bb,2026-07-07T15:00:39.737119+00:00,new_tech,QQQ,1Hour,5,SMCI,0.41374287,False,9
paper_20260707T150023Z_748ae2bb,2026-07-07T15:00:39.737119+00:00,new_tech,QQQ,1Hour,5,PLTR,0.4084738,False,10
paper_20260707T150023Z_748ae2bb,2026-07-07T15:00:43.742322+00:00,defensive_non_tech,SPY,1Hour,5,XOM,0.4943237,True,1
paper_20260707T150023Z_748ae2bb,2026-07-07T15:00:43.742322+00:00,defensive_non_tech,SPY,1Hour,5,MRK,0.48985332,True,2
paper_20260707T150023Z_748ae2bb,2026-07-07T15:00:43.742322+00:00,defensive_non_tech,SPY,1Hour,5,COST,0.4828627,True,3
paper_20260707T150023Z_748ae2bb,2026-07-07T15:00:43.742322+00:00,defensive_non_tech,SPY,1Hour,5,ABBV,0.47794697,True,4
paper_20260707T150023Z_748ae2bb,2026-07-07T15:00:43.742322+00:00,defensive_non_tech,SPY,1Hour,5,KO,0.4739149,True,5
paper_20260707T150023Z_748ae2bb,2026-07-07T15:00:43.742322+00:00,defensive_non_tech,SPY,1Hour,5,CVX,0.47161078,False,6
paper_20260707T150023Z_748ae2bb,2026-07-07T15:00:43.742322+00:00,defensive_non_tech,SPY,1Hour,5,WMT,0.4685183,False,7
paper_20260707T150023Z_748ae2bb,2026-07-07T15:00:43.742322+00:00,defensive_non_tech,SPY,1Hour,5,JNJ,0.46618077,False,8
paper_20260707T150023Z_748ae2bb,2026-07-07T15:00:43.742322+00:00,defensive_non_tech,SPY,1Hour,5,PG,0.46113378,False,9
paper_20260707T150023Z_748ae2bb,2026-07-07T15:00:43.742322+00:00,defensive_non_tech,SPY,1Hour,5,PEP,0.45264527,False,10
paper_20260707T160050Z_1b2906eb,2026-07-07T16:00:53.824143+00:00,original_tech,QQQ,1Hour,5,AMZN,0.56876343,True,1
paper_20260707T160050Z_1b2906eb,2026-07-07T16:00:53.824143+00:00,original_tech,QQQ,1Hour,5,META,0.55688334,True,2
paper_20260707T160050Z_1b2906eb,2026-07-07T16:00:53.824143+00:00,original_tech,QQQ,1Hour,5,TSLA,0.53366256,True,3
paper_20260707T160050Z_1b2906eb,2026-07-07T16:00:53.824143+00:00,original_tech,QQQ,1Hour,5,NVDA,0.5294505,True,4
paper_20260707T160050Z_1b2906eb,2026-07-07T16:00:53.824143+00:00,original_tech,QQQ,1Hour,5,GOOGL,0.52927196,True,5
paper_20260707T160050Z_1b2906eb,2026-07-07T16:00:53.824143+00:00,original_tech,QQQ,1Hour,5,MSFT,0.5045504,False,6
paper_20260707T160050Z_1b2906eb,2026-07-07T16:00:53.824143+00:00,original_tech,QQQ,1Hour,5,INTC,0.5032052,False,7
paper_20260707T160050Z_1b2906eb,2026-07-07T16:00:53.824143+00:00,original_tech,QQQ,1Hour,5,AAPL,0.45869607,False,8
paper_20260707T160050Z_1b2906eb,2026-07-07T16:00:53.824143+00:00,original_tech,QQQ,1Hour,5,ADBE,0.44487122,False,9
paper_20260707T160050Z_1b2906eb,2026-07-07T16:00:53.824143+00:00,original_tech,QQQ,1Hour,5,AMD,0.43876144,False,10
paper_20260707T160050Z_1b2906eb,2026-07-07T16:00:57.577186+00:00,tech_no_nvda,QQQ,1Hour,5,AMZN,0.56834507,True,1
paper_20260707T160050Z_1b2906eb,2026-07-07T16:00:57.577186+00:00,tech_no_nvda,QQQ,1Hour,5,META,0.556747,True,2
paper_20260707T160050Z_1b2906eb,2026-07-07T16:00:57.577186+00:00,tech_no_nvda,QQQ,1Hour,5,TSLA,0.53357446,True,3
paper_20260707T160050Z_1b2906eb,2026-07-07T16:00:57.577186+00:00,tech_no_nvda,QQQ,1Hour,5,GOOGL,0.5281172,True,4
paper_20260707T160050Z_1b2906eb,2026-07-07T16:00:57.577186+00:00,tech_no_nvda,QQQ,1Hour,5,MSFT,0.5040932,True,5
paper_20260707T160050Z_1b2906eb,2026-07-07T16:00:57.577186+00:00,tech_no_nvda,QQQ,1Hour,5,INTC,0.503916,False,6
paper_20260707T160050Z_1b2906eb,2026-07-07T16:00:57.577186+00:00,tech_no_nvda,QQQ,1Hour,5,AAPL,0.45810086,False,7
paper_20260707T160050Z_1b2906eb,2026-07-07T16:00:57.577186+00:00,tech_no_nvda,QQQ,1Hour,5,ADBE,0.44447863,False,8
paper_20260707T160050Z_1b2906eb,2026-07-07T16:00:57.577186+00:00,tech_no_nvda,QQQ,1Hour,5,AMD,0.43925264,False,9
paper_20260707T160050Z_1b2906eb,2026-07-07T16:01:01.202888+00:00,new_tech,QQQ,1Hour,5,CSCO,0.5830921,True,1
paper_20260707T160050Z_1b2906eb,2026-07-07T16:01:01.202888+00:00,new_tech,QQQ,1Hour,5,CRWD,0.5830476,True,2
paper_20260707T160050Z_1b2906eb,2026-07-07T16:01:01.202888+00:00,new_tech,QQQ,1Hour,5,DELL,0.5344312,True,3
paper_20260707T160050Z_1b2906eb,2026-07-07T16:01:01.202888+00:00,new_tech,QQQ,1Hour,5,MU,0.5321388,True,4
paper_20260707T160050Z_1b2906eb,2026-07-07T16:01:01.202888+00:00,new_tech,QQQ,1Hour,5,NET,0.50939256,True,5
paper_20260707T160050Z_1b2906eb,2026-07-07T16:01:01.202888+00:00,new_tech,QQQ,1Hour,5,SNOW,0.5047238,False,6
paper_20260707T160050Z_1b2906eb,2026-07-07T16:01:01.202888+00:00,new_tech,QQQ,1Hour,5,SMCI,0.49891588,False,7
paper_20260707T160050Z_1b2906eb,2026-07-07T16:01:01.202888+00:00,new_tech,QQQ,1Hour,5,NOW,0.49065897,False,8
paper_20260707T160050Z_1b2906eb,2026-07-07T16:01:01.202888+00:00,new_tech,QQQ,1Hour,5,ORCL,0.48726863,False,9
paper_20260707T160050Z_1b2906eb,2026-07-07T16:01:01.202888+00:00,new_tech,QQQ,1Hour,5,PLTR,0.47212815,False,10
paper_20260707T160050Z_1b2906eb,2026-07-07T16:01:05.489279+00:00,defensive_non_tech,SPY,1Hour,5,COST,0.56006604,True,1
paper_20260707T160050Z_1b2906eb,2026-07-07T16:01:05.489279+00:00,defensive_non_tech,SPY,1Hour,5,PG,0.5259026,True,2
paper_20260707T160050Z_1b2906eb,2026-07-07T16:01:05.489279+00:00,defensive_non_tech,SPY,1Hour,5,PEP,0.52382696,True,3
paper_20260707T160050Z_1b2906eb,2026-07-07T16:01:05.489279+00:00,defensive_non_tech,SPY,1Hour,5,KO,0.5221857,True,4
paper_20260707T160050Z_1b2906eb,2026-07-07T16:01:05.489279+00:00,defensive_non_tech,SPY,1Hour,5,WMT,0.51913464,True,5
paper_20260707T160050Z_1b2906eb,2026-07-07T16:01:05.489279+00:00,defensive_non_tech,SPY,1Hour,5,XOM,0.5099234,False,6
paper_20260707T160050Z_1b2906eb,2026-07-07T16:01:05.489279+00:00,defensive_non_tech,SPY,1Hour,5,CVX,0.5085394,False,7
paper_20260707T160050Z_1b2906eb,2026-07-07T16:01:05.489279+00:00,defensive_non_tech,SPY,1Hour,5,ABBV,0.49537763,False,8
paper_20260707T160050Z_1b2906eb,2026-07-07T16:01:05.489279+00:00,defensive_non_tech,SPY,1Hour,5,JNJ,0.48585403,False,9
paper_20260707T160050Z_1b2906eb,2026-07-07T16:01:05.489279+00:00,defensive_non_tech,SPY,1Hour,5,MRK,0.4650987,False,10
paper_20260707T170012Z_dd6055c6,2026-07-07T17:00:15.667597+00:00,original_tech,QQQ,1Hour,5,MSFT,0.53757185,True,1
paper_20260707T170012Z_dd6055c6,2026-07-07T17:00:15.667597+00:00,original_tech,QQQ,1Hour,5,META,0.5356884,True,2
paper_20260707T170012Z_dd6055c6,2026-07-07T17:00:15.667597+00:00,original_tech,QQQ,1Hour,5,AMZN,0.520805,True,3
paper_20260707T170012Z_dd6055c6,2026-07-07T17:00:15.667597+00:00,original_tech,QQQ,1Hour,5,GOOGL,0.51328844,True,4
paper_20260707T170012Z_dd6055c6,2026-07-07T17:00:15.667597+00:00,original_tech,QQQ,1Hour,5,ADBE,0.5044954,True,5
paper_20260707T170012Z_dd6055c6,2026-07-07T17:00:15.667597+00:00,original_tech,QQQ,1Hour,5,NVDA,0.49382713,False,6
paper_20260707T170012Z_dd6055c6,2026-07-07T17:00:15.667597+00:00,original_tech,QQQ,1Hour,5,AAPL,0.48729727,False,7
paper_20260707T170012Z_dd6055c6,2026-07-07T17:00:15.667597+00:00,original_tech,QQQ,1Hour,5,AMD,0.46624038,False,8
paper_20260707T170012Z_dd6055c6,2026-07-07T17:00:15.667597+00:00,original_tech,QQQ,1Hour,5,TSLA,0.46351278,False,9
paper_20260707T170012Z_dd6055c6,2026-07-07T17:00:15.667597+00:00,original_tech,QQQ,1Hour,5,INTC,0.4513314,False,10
paper_20260707T170012Z_dd6055c6,2026-07-07T17:00:19.445307+00:00,tech_no_nvda,QQQ,1Hour,5,MSFT,0.5378061,True,1
paper_20260707T170012Z_dd6055c6,2026-07-07T17:00:19.445307+00:00,tech_no_nvda,QQQ,1Hour,5,META,0.53728783,True,2
paper_20260707T170012Z_dd6055c6,2026-07-07T17:00:19.445307+00:00,tech_no_nvda,QQQ,1Hour,5,AMZN,0.5205586,True,3
paper_20260707T170012Z_dd6055c6,2026-07-07T17:00:19.445307+00:00,tech_no_nvda,QQQ,1Hour,5,GOOGL,0.51284,True,4
paper_20260707T170012Z_dd6055c6,2026-07-07T17:00:19.445307+00:00,tech_no_nvda,QQQ,1Hour,5,ADBE,0.503523,True,5
paper_20260707T170012Z_dd6055c6,2026-07-07T17:00:19.445307+00:00,tech_no_nvda,QQQ,1Hour,5,AAPL,0.48813558,False,6
paper_20260707T170012Z_dd6055c6,2026-07-07T17:00:19.445307+00:00,tech_no_nvda,QQQ,1Hour,5,AMD,0.46635568,False,7
paper_20260707T170012Z_dd6055c6,2026-07-07T17:00:19.445307+00:00,tech_no_nvda,QQQ,1Hour,5,TSLA,0.46425024,False,8
paper_20260707T170012Z_dd6055c6,2026-07-07T17:00:19.445307+00:00,tech_no_nvda,QQQ,1Hour,5,INTC,0.45126954,False,9
paper_20260707T170012Z_dd6055c6,2026-07-07T17:00:23.565241+00:00,new_tech,QQQ,1Hour,5,MU,0.56086826,True,1
paper_20260707T170012Z_dd6055c6,2026-07-07T17:00:23.565241+00:00,new_tech,QQQ,1Hour,5,NET,0.54235315,True,2
paper_20260707T170012Z_dd6055c6,2026-07-07T17:00:23.565241+00:00,new_tech,QQQ,1Hour,5,CSCO,0.53827417,True,3
paper_20260707T170012Z_dd6055c6,2026-07-07T17:00:23.565241+00:00,new_tech,QQQ,1Hour,5,CRWD,0.5079572,True,4
paper_20260707T170012Z_dd6055c6,2026-07-07T17:00:23.565241+00:00,new_tech,QQQ,1Hour,5,SNOW,0.5077882,True,5
paper_20260707T170012Z_dd6055c6,2026-07-07T17:00:23.565241+00:00,new_tech,QQQ,1Hour,5,NOW,0.50419635,False,6
paper_20260707T170012Z_dd6055c6,2026-07-07T17:00:23.565241+00:00,new_tech,QQQ,1Hour,5,PLTR,0.4747049,False,7
paper_20260707T170012Z_dd6055c6,2026-07-07T17:00:23.565241+00:00,new_tech,QQQ,1Hour,5,ORCL,0.44523677,False,8
paper_20260707T170012Z_dd6055c6,2026-07-07T17:00:23.565241+00:00,new_tech,QQQ,1Hour,5,DELL,0.43547052,False,9
paper_20260707T170012Z_dd6055c6,2026-07-07T17:00:23.565241+00:00,new_tech,QQQ,1Hour,5,SMCI,0.405864,False,10
paper_20260707T170012Z_dd6055c6,2026-07-07T17:00:27.880318+00:00,defensive_non_tech,SPY,1Hour,5,ABBV,0.5559305,True,1
paper_20260707T170012Z_dd6055c6,2026-07-07T17:00:27.880318+00:00,defensive_non_tech,SPY,1Hour,5,PEP,0.5481,True,2
paper_20260707T170012Z_dd6055c6,2026-07-07T17:00:27.880318+00:00,defensive_non_tech,SPY,1Hour,5,PG,0.5373192,True,3
paper_20260707T170012Z_dd6055c6,2026-07-07T17:00:27.880318+00:00,defensive_non_tech,SPY,1Hour,5,XOM,0.53480595,True,4
paper_20260707T170012Z_dd6055c6,2026-07-07T17:00:27.880318+00:00,defensive_non_tech,SPY,1Hour,5,KO,0.53078693,True,5
paper_20260707T170012Z_dd6055c6,2026-07-07T17:00:27.880318+00:00,defensive_non_tech,SPY,1Hour,5,CVX,0.5298931,False,6
paper_20260707T170012Z_dd6055c6,2026-07-07T17:00:27.880318+00:00,defensive_non_tech,SPY,1Hour,5,WMT,0.5277865,False,7
paper_20260707T170012Z_dd6055c6,2026-07-07T17:00:27.880318+00:00,defensive_non_tech,SPY,1Hour,5,JNJ,0.52569854,False,8
paper_20260707T170012Z_dd6055c6,2026-07-07T17:00:27.880318+00:00,defensive_non_tech,SPY,1Hour,5,MRK,0.52506214,False,9
paper_20260707T170012Z_dd6055c6,2026-07-07T17:00:27.880318+00:00,defensive_non_tech,SPY,1Hour,5,COST,0.5213026,False,10
paper_20260707T180034Z_7dba8264,2026-07-07T18:00:38.876198+00:00,original_tech,QQQ,1Hour,5,INTC,0.62042,True,1
paper_20260707T180034Z_7dba8264,2026-07-07T18:00:38.876198+00:00,original_tech,QQQ,1Hour,5,AMD,0.58210623,True,2
paper_20260707T180034Z_7dba8264,2026-07-07T18:00:38.876198+00:00,original_tech,QQQ,1Hour,5,MSFT,0.52321196,True,3
paper_20260707T180034Z_7dba8264,2026-07-07T18:00:38.876198+00:00,original_tech,QQQ,1Hour,5,ADBE,0.51498914,True,4
paper_20260707T180034Z_7dba8264,2026-07-07T18:00:38.876198+00:00,original_tech,QQQ,1Hour,5,AAPL,0.51381165,True,5
paper_20260707T180034Z_7dba8264,2026-07-07T18:00:38.876198+00:00,original_tech,QQQ,1Hour,5,NVDA,0.5116537,False,6
paper_20260707T180034Z_7dba8264,2026-07-07T18:00:38.876198+00:00,original_tech,QQQ,1Hour,5,AMZN,0.50466037,False,7
paper_20260707T180034Z_7dba8264,2026-07-07T18:00:38.876198+00:00,original_tech,QQQ,1Hour,5,GOOGL,0.500451,False,8
paper_20260707T180034Z_7dba8264,2026-07-07T18:00:38.876198+00:00,original_tech,QQQ,1Hour,5,TSLA,0.50042796,False,9
paper_20260707T180034Z_7dba8264,2026-07-07T18:00:38.876198+00:00,original_tech,QQQ,1Hour,5,META,0.46939707,False,10
paper_20260707T180034Z_7dba8264,2026-07-07T18:00:43.282654+00:00,tech_no_nvda,QQQ,1Hour,5,INTC,0.62173885,True,1
paper_20260707T180034Z_7dba8264,2026-07-07T18:00:43.282654+00:00,tech_no_nvda,QQQ,1Hour,5,AMD,0.5929795,True,2
paper_20260707T180034Z_7dba8264,2026-07-07T18:00:43.282654+00:00,tech_no_nvda,QQQ,1Hour,5,MSFT,0.5241306,True,3
paper_20260707T180034Z_7dba8264,2026-07-07T18:00:43.282654+00:00,tech_no_nvda,QQQ,1Hour,5,AAPL,0.5139473,True,4
paper_20260707T180034Z_7dba8264,2026-07-07T18:00:43.282654+00:00,tech_no_nvda,QQQ,1Hour,5,ADBE,0.5136941,True,5
paper_20260707T180034Z_7dba8264,2026-07-07T18:00:43.282654+00:00,tech_no_nvda,QQQ,1Hour,5,AMZN,0.5048391,False,6
paper_20260707T180034Z_7dba8264,2026-07-07T18:00:43.282654+00:00,tech_no_nvda,QQQ,1Hour,5,TSLA,0.50128573,False,7
paper_20260707T180034Z_7dba8264,2026-07-07T18:00:43.282654+00:00,tech_no_nvda,QQQ,1Hour,5,GOOGL,0.5006623,False,8
paper_20260707T180034Z_7dba8264,2026-07-07T18:00:43.282654+00:00,tech_no_nvda,QQQ,1Hour,5,META,0.46974555,False,9
paper_20260707T180034Z_7dba8264,2026-07-07T18:00:47.401136+00:00,new_tech,QQQ,1Hour,5,ORCL,0.5502531,True,1
paper_20260707T180034Z_7dba8264,2026-07-07T18:00:47.401136+00:00,new_tech,QQQ,1Hour,5,SMCI,0.54658175,True,2
paper_20260707T180034Z_7dba8264,2026-07-07T18:00:47.401136+00:00,new_tech,QQQ,1Hour,5,CSCO,0.5317899,True,3
paper_20260707T180034Z_7dba8264,2026-07-07T18:00:47.401136+00:00,new_tech,QQQ,1Hour,5,MU,0.5230585,True,4
paper_20260707T180034Z_7dba8264,2026-07-07T18:00:47.401136+00:00,new_tech,QQQ,1Hour,5,SNOW,0.50476354,True,5
paper_20260707T180034Z_7dba8264,2026-07-07T18:00:47.401136+00:00,new_tech,QQQ,1Hour,5,NET,0.49446648,False,6
paper_20260707T180034Z_7dba8264,2026-07-07T18:00:47.401136+00:00,new_tech,QQQ,1Hour,5,PLTR,0.48021826,False,7
paper_20260707T180034Z_7dba8264,2026-07-07T18:00:47.401136+00:00,new_tech,QQQ,1Hour,5,NOW,0.4792892,False,8
paper_20260707T180034Z_7dba8264,2026-07-07T18:00:47.401136+00:00,new_tech,QQQ,1Hour,5,CRWD,0.4640573,False,9
paper_20260707T180034Z_7dba8264,2026-07-07T18:00:47.401136+00:00,new_tech,QQQ,1Hour,5,DELL,0.4349008,False,10
paper_20260707T180034Z_7dba8264,2026-07-07T18:00:51.851933+00:00,defensive_non_tech,SPY,1Hour,5,PG,0.5322762,True,1
paper_20260707T180034Z_7dba8264,2026-07-07T18:00:51.851933+00:00,defensive_non_tech,SPY,1Hour,5,MRK,0.5205102,True,2
paper_20260707T180034Z_7dba8264,2026-07-07T18:00:51.851933+00:00,defensive_non_tech,SPY,1Hour,5,COST,0.51248103,True,3
paper_20260707T180034Z_7dba8264,2026-07-07T18:00:51.851933+00:00,defensive_non_tech,SPY,1Hour,5,JNJ,0.51220906,True,4
paper_20260707T180034Z_7dba8264,2026-07-07T18:00:51.851933+00:00,defensive_non_tech,SPY,1Hour,5,KO,0.50830626,True,5
paper_20260707T180034Z_7dba8264,2026-07-07T18:00:51.851933+00:00,defensive_non_tech,SPY,1Hour,5,ABBV,0.50682026,False,6
paper_20260707T180034Z_7dba8264,2026-07-07T18:00:51.851933+00:00,defensive_non_tech,SPY,1Hour,5,WMT,0.5052194,False,7
paper_20260707T180034Z_7dba8264,2026-07-07T18:00:51.851933+00:00,defensive_non_tech,SPY,1Hour,5,PEP,0.49962637,False,8
paper_20260707T180034Z_7dba8264,2026-07-07T18:00:51.851933+00:00,defensive_non_tech,SPY,1Hour,5,CVX,0.48396912,False,9
paper_20260707T180034Z_7dba8264,2026-07-07T18:00:51.851933+00:00,defensive_non_tech,SPY,1Hour,5,XOM,0.48245448,False,10
paper_20260707T190058Z_642babcf,2026-07-07T19:01:04.457103+00:00,original_tech,QQQ,1Hour,5,AMD,0.6040242,True,1
paper_20260707T190058Z_642babcf,2026-07-07T19:01:04.457103+00:00,original_tech,QQQ,1Hour,5,INTC,0.57885534,True,2
paper_20260707T190058Z_642babcf,2026-07-07T19:01:04.457103+00:00,original_tech,QQQ,1Hour,5,TSLA,0.57174313,True,3
paper_20260707T190058Z_642babcf,2026-07-07T19:01:04.457103+00:00,original_tech,QQQ,1Hour,5,NVDA,0.5490139,True,4
paper_20260707T190058Z_642babcf,2026-07-07T19:01:04.457103+00:00,original_tech,QQQ,1Hour,5,MSFT,0.5217889,True,5
paper_20260707T190058Z_642babcf,2026-07-07T19:01:04.457103+00:00,original_tech,QQQ,1Hour,5,GOOGL,0.5124758,False,6
paper_20260707T190058Z_642babcf,2026-07-07T19:01:04.457103+00:00,original_tech,QQQ,1Hour,5,ADBE,0.51119626,False,7
paper_20260707T190058Z_642babcf,2026-07-07T19:01:04.457103+00:00,original_tech,QQQ,1Hour,5,AMZN,0.51008433,False,8
paper_20260707T190058Z_642babcf,2026-07-07T19:01:04.457103+00:00,original_tech,QQQ,1Hour,5,META,0.5076739,False,9
paper_20260707T190058Z_642babcf,2026-07-07T19:01:04.457103+00:00,original_tech,QQQ,1Hour,5,AAPL,0.46930704,False,10
paper_20260707T190058Z_642babcf,2026-07-07T19:01:08.249149+00:00,tech_no_nvda,QQQ,1Hour,5,AMD,0.60558546,True,1
paper_20260707T190058Z_642babcf,2026-07-07T19:01:08.249149+00:00,tech_no_nvda,QQQ,1Hour,5,INTC,0.5789265,True,2
paper_20260707T190058Z_642babcf,2026-07-07T19:01:08.249149+00:00,tech_no_nvda,QQQ,1Hour,5,TSLA,0.5720767,True,3
paper_20260707T190058Z_642babcf,2026-07-07T19:01:08.249149+00:00,tech_no_nvda,QQQ,1Hour,5,MSFT,0.5197215,True,4
paper_20260707T190058Z_642babcf,2026-07-07T19:01:08.249149+00:00,tech_no_nvda,QQQ,1Hour,5,ADBE,0.511649,True,5
paper_20260707T190058Z_642babcf,2026-07-07T19:01:08.249149+00:00,tech_no_nvda,QQQ,1Hour,5,GOOGL,0.5097476,False,6
paper_20260707T190058Z_642babcf,2026-07-07T19:01:08.249149+00:00,tech_no_nvda,QQQ,1Hour,5,AMZN,0.5087593,False,7
paper_20260707T190058Z_642babcf,2026-07-07T19:01:08.249149+00:00,tech_no_nvda,QQQ,1Hour,5,META,0.5073727,False,8
paper_20260707T190058Z_642babcf,2026-07-07T19:01:08.249149+00:00,tech_no_nvda,QQQ,1Hour,5,AAPL,0.46826282,False,9
paper_20260707T190058Z_642babcf,2026-07-07T19:01:12.932016+00:00,new_tech,QQQ,1Hour,5,SMCI,0.5870226,True,1
paper_20260707T190058Z_642babcf,2026-07-07T19:01:12.932016+00:00,new_tech,QQQ,1Hour,5,CRWD,0.55317146,True,2
paper_20260707T190058Z_642babcf,2026-07-07T19:01:12.932016+00:00,new_tech,QQQ,1Hour,5,ORCL,0.55216205,True,3
paper_20260707T190058Z_642babcf,2026-07-07T19:01:12.932016+00:00,new_tech,QQQ,1Hour,5,NOW,0.54257107,True,4
paper_20260707T190058Z_642babcf,2026-07-07T19:01:12.932016+00:00,new_tech,QQQ,1Hour,5,SNOW,0.5370014,True,5
paper_20260707T190058Z_642babcf,2026-07-07T19:01:12.932016+00:00,new_tech,QQQ,1Hour,5,CSCO,0.5362531,False,6
paper_20260707T190058Z_642babcf,2026-07-07T19:01:12.932016+00:00,new_tech,QQQ,1Hour,5,MU,0.5291427,False,7
paper_20260707T190058Z_642babcf,2026-07-07T19:01:12.932016+00:00,new_tech,QQQ,1Hour,5,NET,0.5058957,False,8
paper_20260707T190058Z_642babcf,2026-07-07T19:01:12.932016+00:00,new_tech,QQQ,1Hour,5,DELL,0.5011048,False,9
paper_20260707T190058Z_642babcf,2026-07-07T19:01:12.932016+00:00,new_tech,QQQ,1Hour,5,PLTR,0.49924546,False,10
paper_20260707T190058Z_642babcf,2026-07-07T19:01:17.927891+00:00,defensive_non_tech,SPY,1Hour,5,ABBV,0.49421152,True,1
paper_20260707T190058Z_642babcf,2026-07-07T19:01:17.927891+00:00,defensive_non_tech,SPY,1Hour,5,PEP,0.48781517,True,2
paper_20260707T190058Z_642babcf,2026-07-07T19:01:17.927891+00:00,defensive_non_tech,SPY,1Hour,5,MRK,0.48391318,True,3
paper_20260707T190058Z_642babcf,2026-07-07T19:01:17.927891+00:00,defensive_non_tech,SPY,1Hour,5,WMT,0.48346338,True,4
paper_20260707T190058Z_642babcf,2026-07-07T19:01:17.927891+00:00,defensive_non_tech,SPY,1Hour,5,JNJ,0.48292926,True,5
paper_20260707T190058Z_642babcf,2026-07-07T19:01:17.927891+00:00,defensive_non_tech,SPY,1Hour,5,PG,0.48002315,False,6
paper_20260707T190058Z_642babcf,2026-07-07T19:01:17.927891+00:00,defensive_non_tech,SPY,1Hour,5,KO,0.4794287,False,7
paper_20260707T190058Z_642babcf,2026-07-07T19:01:17.927891+00:00,defensive_non_tech,SPY,1Hour,5,COST,0.4776733,False,8
paper_20260707T190058Z_642babcf,2026-07-07T19:01:17.927891+00:00,defensive_non_tech,SPY,1Hour,5,XOM,0.4698158,False,9
paper_20260707T190058Z_642babcf,2026-07-07T19:01:17.927891+00:00,defensive_non_tech,SPY,1Hour,5,CVX,0.4696137,False,10
paper_20260708T133046Z_ca260785,2026-07-08T13:30:53.796941+00:00,original_tech,QQQ,1Hour,5,MSFT,0.54357624,True,1
paper_20260708T133046Z_ca260785,2026-07-08T13:30:53.796941+00:00,original_tech,QQQ,1Hour,5,META,0.52939075,True,2
paper_20260708T133046Z_ca260785,2026-07-08T13:30:53.796941+00:00,original_tech,QQQ,1Hour,5,AMZN,0.5252519,True,3
paper_20260708T133046Z_ca260785,2026-07-08T13:30:53.796941+00:00,original_tech,QQQ,1Hour,5,TSLA,0.50174266,True,4
paper_20260708T133046Z_ca260785,2026-07-08T13:30:53.796941+00:00,original_tech,QQQ,1Hour,5,GOOGL,0.49766716,True,5
paper_20260708T133046Z_ca260785,2026-07-08T13:30:53.796941+00:00,original_tech,QQQ,1Hour,5,INTC,0.49749124,False,6
paper_20260708T133046Z_ca260785,2026-07-08T13:30:53.796941+00:00,original_tech,QQQ,1Hour,5,NVDA,0.4782021,False,7
paper_20260708T133046Z_ca260785,2026-07-08T13:30:53.796941+00:00,original_tech,QQQ,1Hour,5,ADBE,0.47309038,False,8
paper_20260708T133046Z_ca260785,2026-07-08T13:30:53.796941+00:00,original_tech,QQQ,1Hour,5,AMD,0.472165,False,9
paper_20260708T133046Z_ca260785,2026-07-08T13:30:53.796941+00:00,original_tech,QQQ,1Hour,5,AAPL,0.45273647,False,10
paper_20260708T133517Z_58901979,2026-07-08T13:35:21.271279+00:00,original_tech,QQQ,1Hour,5,ADBE,0.61278933,True,1
paper_20260708T133517Z_58901979,2026-07-08T13:35:21.271279+00:00,original_tech,QQQ,1Hour,5,META,0.59519154,True,2
paper_20260708T133517Z_58901979,2026-07-08T13:35:21.271279+00:00,original_tech,QQQ,1Hour,5,GOOGL,0.57300764,True,3
paper_20260708T133517Z_58901979,2026-07-08T13:35:21.271279+00:00,original_tech,QQQ,1Hour,5,MSFT,0.5533883,True,4
paper_20260708T133517Z_58901979,2026-07-08T13:35:21.271279+00:00,original_tech,QQQ,1Hour,5,AMZN,0.5467619,True,5
paper_20260708T133517Z_58901979,2026-07-08T13:35:21.271279+00:00,original_tech,QQQ,1Hour,5,INTC,0.53468364,False,6
paper_20260708T133517Z_58901979,2026-07-08T13:35:21.271279+00:00,original_tech,QQQ,1Hour,5,TSLA,0.5345855,False,7
paper_20260708T133517Z_58901979,2026-07-08T13:35:21.271279+00:00,original_tech,QQQ,1Hour,5,AMD,0.52403533,False,8
paper_20260708T133517Z_58901979,2026-07-08T13:35:21.271279+00:00,original_tech,QQQ,1Hour,5,AAPL,0.51548284,False,9
paper_20260708T133517Z_58901979,2026-07-08T13:35:21.271279+00:00,original_tech,QQQ,1Hour,5,NVDA,0.48809922,False,10
paper_20260708T133627Z_3b4a5484,2026-07-08T13:36:30.552329+00:00,original_tech,QQQ,1Hour,5,ADBE,0.62200177,True,1
paper_20260708T133627Z_3b4a5484,2026-07-08T13:36:30.552329+00:00,original_tech,QQQ,1Hour,5,META,0.598621,True,2
paper_20260708T133627Z_3b4a5484,2026-07-08T13:36:30.552329+00:00,original_tech,QQQ,1Hour,5,MSFT,0.55965865,True,3
paper_20260708T133627Z_3b4a5484,2026-07-08T13:36:30.552329+00:00,original_tech,QQQ,1Hour,5,GOOGL,0.558669,True,4
paper_20260708T133627Z_3b4a5484,2026-07-08T13:36:30.552329+00:00,original_tech,QQQ,1Hour,5,AMZN,0.5539966,True,5
paper_20260708T133627Z_3b4a5484,2026-07-08T13:36:30.552329+00:00,original_tech,QQQ,1Hour,5,TSLA,0.53755265,False,6
paper_20260708T133627Z_3b4a5484,2026-07-08T13:36:30.552329+00:00,original_tech,QQQ,1Hour,5,INTC,0.5340856,False,7
paper_20260708T133627Z_3b4a5484,2026-07-08T13:36:30.552329+00:00,original_tech,QQQ,1Hour,5,AAPL,0.5336474,False,8
paper_20260708T133627Z_3b4a5484,2026-07-08T13:36:30.552329+00:00,original_tech,QQQ,1Hour,5,AMD,0.52420706,False,9
paper_20260708T133627Z_3b4a5484,2026-07-08T13:36:30.552329+00:00,original_tech,QQQ,1Hour,5,NVDA,0.48776716,False,10
paper_20260708T133627Z_3b4a5484,2026-07-08T13:36:34.056014+00:00,tech_no_nvda,QQQ,1Hour,5,ADBE,0.6196266,True,1
paper_20260708T133627Z_3b4a5484,2026-07-08T13:36:34.056014+00:00,tech_no_nvda,QQQ,1Hour,5,META,0.5973866,True,2
paper_20260708T133627Z_3b4a5484,2026-07-08T13:36:34.056014+00:00,tech_no_nvda,QQQ,1Hour,5,MSFT,0.55680263,True,3
paper_20260708T133627Z_3b4a5484,2026-07-08T13:36:34.056014+00:00,tech_no_nvda,QQQ,1Hour,5,GOOGL,0.5563619,True,4
paper_20260708T133627Z_3b4a5484,2026-07-08T13:36:34.056014+00:00,tech_no_nvda,QQQ,1Hour,5,AMZN,0.5526922,True,5
paper_20260708T133627Z_3b4a5484,2026-07-08T13:36:34.056014+00:00,tech_no_nvda,QQQ,1Hour,5,TSLA,0.53766143,False,6
paper_20260708T133627Z_3b4a5484,2026-07-08T13:36:34.056014+00:00,tech_no_nvda,QQQ,1Hour,5,INTC,0.53295696,False,7
paper_20260708T133627Z_3b4a5484,2026-07-08T13:36:34.056014+00:00,tech_no_nvda,QQQ,1Hour,5,AAPL,0.53111774,False,8
paper_20260708T133627Z_3b4a5484,2026-07-08T13:36:34.056014+00:00,tech_no_nvda,QQQ,1Hour,5,AMD,0.5271396,False,9
paper_20260708T133627Z_3b4a5484,2026-07-08T13:36:38.280494+00:00,new_tech,QQQ,1Hour,5,PLTR,0.64484525,True,1
paper_20260708T133627Z_3b4a5484,2026-07-08T13:36:38.280494+00:00,new_tech,QQQ,1Hour,5,SNOW,0.6318817,True,2
paper_20260708T133627Z_3b4a5484,2026-07-08T13:36:38.280494+00:00,new_tech,QQQ,1Hour,5,SMCI,0.6298649,True,3
paper_20260708T133627Z_3b4a5484,2026-07-08T13:36:38.280494+00:00,new_tech,QQQ,1Hour,5,NOW,0.6293124,True,4
paper_20260708T133627Z_3b4a5484,2026-07-08T13:36:38.280494+00:00,new_tech,QQQ,1Hour,5,MU,0.544619,True,5
paper_20260708T133627Z_3b4a5484,2026-07-08T13:36:38.280494+00:00,new_tech,QQQ,1Hour,5,CRWD,0.5328826,False,6
paper_20260708T133627Z_3b4a5484,2026-07-08T13:36:38.280494+00:00,new_tech,QQQ,1Hour,5,NET,0.5290469,False,7
paper_20260708T133627Z_3b4a5484,2026-07-08T13:36:38.280494+00:00,new_tech,QQQ,1Hour,5,CSCO,0.5251377,False,8
paper_20260708T133627Z_3b4a5484,2026-07-08T13:36:38.280494+00:00,new_tech,QQQ,1Hour,5,ORCL,0.5228925,False,9
paper_20260708T133627Z_3b4a5484,2026-07-08T13:36:38.280494+00:00,new_tech,QQQ,1Hour,5,DELL,0.4715091,False,10
paper_20260708T133627Z_3b4a5484,2026-07-08T13:36:42.341790+00:00,defensive_non_tech,SPY,1Hour,5,MRK,0.5972946,True,1
paper_20260708T133627Z_3b4a5484,2026-07-08T13:36:42.341790+00:00,defensive_non_tech,SPY,1Hour,5,PEP,0.58572847,True,2
paper_20260708T133627Z_3b4a5484,2026-07-08T13:36:42.341790+00:00,defensive_non_tech,SPY,1Hour,5,ABBV,0.5708271,True,3
paper_20260708T133627Z_3b4a5484,2026-07-08T13:36:42.341790+00:00,defensive_non_tech,SPY,1Hour,5,PG,0.5153862,True,4
paper_20260708T133627Z_3b4a5484,2026-07-08T13:36:42.341790+00:00,defensive_non_tech,SPY,1Hour,5,JNJ,0.48010325,True,5
paper_20260708T133627Z_3b4a5484,2026-07-08T13:36:42.341790+00:00,defensive_non_tech,SPY,1Hour,5,COST,0.47871077,False,6
paper_20260708T133627Z_3b4a5484,2026-07-08T13:36:42.341790+00:00,defensive_non_tech,SPY,1Hour,5,WMT,0.47870123,False,7
paper_20260708T133627Z_3b4a5484,2026-07-08T13:36:42.341790+00:00,defensive_non_tech,SPY,1Hour,5,KO,0.47695976,False,8
paper_20260708T133627Z_3b4a5484,2026-07-08T13:36:42.341790+00:00,defensive_non_tech,SPY,1Hour,5,XOM,0.46522972,False,9
paper_20260708T133627Z_3b4a5484,2026-07-08T13:36:42.341790+00:00,defensive_non_tech,SPY,1Hour,5,CVX,0.4510991,False,10
paper_20260708T140048Z_2c5188b2,2026-07-08T14:00:51.861798+00:00,original_tech,QQQ,1Hour,5,ADBE,0.6574214,True,1
paper_20260708T140048Z_2c5188b2,2026-07-08T14:00:51.861798+00:00,original_tech,QQQ,1Hour,5,META,0.6076747,True,2
paper_20260708T140048Z_2c5188b2,2026-07-08T14:00:51.861798+00:00,original_tech,QQQ,1Hour,5,GOOGL,0.59294057,True,3
paper_20260708T140048Z_2c5188b2,2026-07-08T14:00:51.861798+00:00,original_tech,QQQ,1Hour,5,MSFT,0.56122845,True,4
paper_20260708T140048Z_2c5188b2,2026-07-08T14:00:51.861798+00:00,original_tech,QQQ,1Hour,5,AMD,0.55709445,True,5
paper_20260708T140048Z_2c5188b2,2026-07-08T14:00:51.861798+00:00,original_tech,QQQ,1Hour,5,TSLA,0.5544462,False,6
paper_20260708T140048Z_2c5188b2,2026-07-08T14:00:51.861798+00:00,original_tech,QQQ,1Hour,5,AMZN,0.5534452,False,7
paper_20260708T140048Z_2c5188b2,2026-07-08T14:00:51.861798+00:00,original_tech,QQQ,1Hour,5,AAPL,0.55122435,False,8
paper_20260708T140048Z_2c5188b2,2026-07-08T14:00:51.861798+00:00,original_tech,QQQ,1Hour,5,INTC,0.5391867,False,9
paper_20260708T140048Z_2c5188b2,2026-07-08T14:00:51.861798+00:00,original_tech,QQQ,1Hour,5,NVDA,0.5086016,False,10
paper_20260708T140048Z_2c5188b2,2026-07-08T14:00:55.464774+00:00,tech_no_nvda,QQQ,1Hour,5,ADBE,0.6580479,True,1
paper_20260708T140048Z_2c5188b2,2026-07-08T14:00:55.464774+00:00,tech_no_nvda,QQQ,1Hour,5,META,0.6077854,True,2
paper_20260708T140048Z_2c5188b2,2026-07-08T14:00:55.464774+00:00,tech_no_nvda,QQQ,1Hour,5,GOOGL,0.5940833,True,3
paper_20260708T140048Z_2c5188b2,2026-07-08T14:00:55.464774+00:00,tech_no_nvda,QQQ,1Hour,5,MSFT,0.56260043,True,4
paper_20260708T140048Z_2c5188b2,2026-07-08T14:00:55.464774+00:00,tech_no_nvda,QQQ,1Hour,5,AMD,0.55632746,True,5
paper_20260708T140048Z_2c5188b2,2026-07-08T14:00:55.464774+00:00,tech_no_nvda,QQQ,1Hour,5,AAPL,0.5555349,False,6
paper_20260708T140048Z_2c5188b2,2026-07-08T14:00:55.464774+00:00,tech_no_nvda,QQQ,1Hour,5,AMZN,0.55424553,False,7
paper_20260708T140048Z_2c5188b2,2026-07-08T14:00:55.464774+00:00,tech_no_nvda,QQQ,1Hour,5,TSLA,0.5537267,False,8
paper_20260708T140048Z_2c5188b2,2026-07-08T14:00:55.464774+00:00,tech_no_nvda,QQQ,1Hour,5,INTC,0.5415511,False,9
paper_20260708T140048Z_2c5188b2,2026-07-08T14:00:59.504489+00:00,new_tech,QQQ,1Hour,5,CRWD,0.68481964,True,1
paper_20260708T140048Z_2c5188b2,2026-07-08T14:00:59.504489+00:00,new_tech,QQQ,1Hour,5,PLTR,0.6628513,True,2
paper_20260708T140048Z_2c5188b2,2026-07-08T14:00:59.504489+00:00,new_tech,QQQ,1Hour,5,SNOW,0.6482482,True,3
paper_20260708T140048Z_2c5188b2,2026-07-08T14:00:59.504489+00:00,new_tech,QQQ,1Hour,5,NOW,0.643438,True,4
paper_20260708T140048Z_2c5188b2,2026-07-08T14:00:59.504489+00:00,new_tech,QQQ,1Hour,5,SMCI,0.61654377,True,5
paper_20260708T140048Z_2c5188b2,2026-07-08T14:00:59.504489+00:00,new_tech,QQQ,1Hour,5,NET,0.5611948,False,6
paper_20260708T140048Z_2c5188b2,2026-07-08T14:00:59.504489+00:00,new_tech,QQQ,1Hour,5,MU,0.55561626,False,7
paper_20260708T140048Z_2c5188b2,2026-07-08T14:00:59.504489+00:00,new_tech,QQQ,1Hour,5,CSCO,0.5302933,False,8
paper_20260708T140048Z_2c5188b2,2026-07-08T14:00:59.504489+00:00,new_tech,QQQ,1Hour,5,ORCL,0.5302486,False,9
paper_20260708T140048Z_2c5188b2,2026-07-08T14:00:59.504489+00:00,new_tech,QQQ,1Hour,5,DELL,0.45379797,False,10
paper_20260708T140048Z_2c5188b2,2026-07-08T14:01:03.238649+00:00,defensive_non_tech,SPY,1Hour,5,MRK,0.6012484,True,1
paper_20260708T140048Z_2c5188b2,2026-07-08T14:01:03.238649+00:00,defensive_non_tech,SPY,1Hour,5,PEP,0.5833842,True,2
paper_20260708T140048Z_2c5188b2,2026-07-08T14:01:03.238649+00:00,defensive_non_tech,SPY,1Hour,5,ABBV,0.5512063,True,3
paper_20260708T140048Z_2c5188b2,2026-07-08T14:01:03.238649+00:00,defensive_non_tech,SPY,1Hour,5,PG,0.51509297,True,4
paper_20260708T140048Z_2c5188b2,2026-07-08T14:01:03.238649+00:00,defensive_non_tech,SPY,1Hour,5,JNJ,0.4926929,True,5
paper_20260708T140048Z_2c5188b2,2026-07-08T14:01:03.238649+00:00,defensive_non_tech,SPY,1Hour,5,COST,0.47502294,False,6
paper_20260708T140048Z_2c5188b2,2026-07-08T14:01:03.238649+00:00,defensive_non_tech,SPY,1Hour,5,KO,0.4700243,False,7
paper_20260708T140048Z_2c5188b2,2026-07-08T14:01:03.238649+00:00,defensive_non_tech,SPY,1Hour,5,WMT,0.46815285,False,8
paper_20260708T140048Z_2c5188b2,2026-07-08T14:01:03.238649+00:00,defensive_non_tech,SPY,1Hour,5,XOM,0.45007873,False,9
paper_20260708T140048Z_2c5188b2,2026-07-08T14:01:03.238649+00:00,defensive_non_tech,SPY,1Hour,5,CVX,0.42965913,False,10
paper_20260708T150013Z_cd3524d9,2026-07-08T15:00:22.438904+00:00,original_tech,QQQ,1Hour,5,ADBE,0.54669356,True,1
paper_20260708T150013Z_cd3524d9,2026-07-08T15:00:22.438904+00:00,original_tech,QQQ,1Hour,5,AMZN,0.54518783,True,2
paper_20260708T150013Z_cd3524d9,2026-07-08T15:00:22.438904+00:00,original_tech,QQQ,1Hour,5,INTC,0.54394656,True,3
paper_20260708T150013Z_cd3524d9,2026-07-08T15:00:22.438904+00:00,original_tech,QQQ,1Hour,5,AMD,0.54040784,True,4
paper_20260708T150013Z_cd3524d9,2026-07-08T15:00:22.438904+00:00,original_tech,QQQ,1Hour,5,TSLA,0.51028544,True,5
paper_20260708T150013Z_cd3524d9,2026-07-08T15:00:22.438904+00:00,original_tech,QQQ,1Hour,5,GOOGL,0.50508964,False,6
paper_20260708T150013Z_cd3524d9,2026-07-08T15:00:22.438904+00:00,original_tech,QQQ,1Hour,5,AAPL,0.49710447,False,7
paper_20260708T150013Z_cd3524d9,2026-07-08T15:00:22.438904+00:00,original_tech,QQQ,1Hour,5,MSFT,0.49473172,False,8
paper_20260708T150013Z_cd3524d9,2026-07-08T15:00:22.438904+00:00,original_tech,QQQ,1Hour,5,NVDA,0.47513613,False,9
paper_20260708T150013Z_cd3524d9,2026-07-08T15:00:22.438904+00:00,original_tech,QQQ,1Hour,5,META,0.45599362,False,10
paper_20260708T150128Z_dc567a48,2026-07-08T15:01:31.962675+00:00,original_tech,QQQ,1Hour,5,AMD,0.55502075,True,1
paper_20260708T150128Z_dc567a48,2026-07-08T15:01:31.962675+00:00,original_tech,QQQ,1Hour,5,INTC,0.545567,True,2
paper_20260708T150128Z_dc567a48,2026-07-08T15:01:31.962675+00:00,original_tech,QQQ,1Hour,5,AMZN,0.5454316,True,3
paper_20260708T150128Z_dc567a48,2026-07-08T15:01:31.962675+00:00,original_tech,QQQ,1Hour,5,ADBE,0.5394785,True,4
paper_20260708T150128Z_dc567a48,2026-07-08T15:01:31.962675+00:00,original_tech,QQQ,1Hour,5,TSLA,0.5132175,True,5
paper_20260708T150128Z_dc567a48,2026-07-08T15:01:31.962675+00:00,original_tech,QQQ,1Hour,5,GOOGL,0.5080459,False,6
paper_20260708T150128Z_dc567a48,2026-07-08T15:01:31.962675+00:00,original_tech,QQQ,1Hour,5,MSFT,0.4966058,False,7
paper_20260708T150128Z_dc567a48,2026-07-08T15:01:31.962675+00:00,original_tech,QQQ,1Hour,5,AAPL,0.4919432,False,8
paper_20260708T150128Z_dc567a48,2026-07-08T15:01:31.962675+00:00,original_tech,QQQ,1Hour,5,NVDA,0.4728182,False,9
paper_20260708T150128Z_dc567a48,2026-07-08T15:01:31.962675+00:00,original_tech,QQQ,1Hour,5,META,0.4649723,False,10
paper_20260708T150128Z_dc567a48,2026-07-08T15:01:35.599267+00:00,tech_no_nvda,QQQ,1Hour,5,AMD,0.5530634,True,1
paper_20260708T150128Z_dc567a48,2026-07-08T15:01:35.599267+00:00,tech_no_nvda,QQQ,1Hour,5,AMZN,0.5455473,True,2
paper_20260708T150128Z_dc567a48,2026-07-08T15:01:35.599267+00:00,tech_no_nvda,QQQ,1Hour,5,INTC,0.54552585,True,3
paper_20260708T150128Z_dc567a48,2026-07-08T15:01:35.599267+00:00,tech_no_nvda,QQQ,1Hour,5,ADBE,0.5437551,True,4
paper_20260708T150128Z_dc567a48,2026-07-08T15:01:35.599267+00:00,tech_no_nvda,QQQ,1Hour,5,TSLA,0.5135454,True,5
paper_20260708T150128Z_dc567a48,2026-07-08T15:01:35.599267+00:00,tech_no_nvda,QQQ,1Hour,5,GOOGL,0.5084571,False,6
paper_20260708T150128Z_dc567a48,2026-07-08T15:01:35.599267+00:00,tech_no_nvda,QQQ,1Hour,5,MSFT,0.4963899,False,7
paper_20260708T150128Z_dc567a48,2026-07-08T15:01:35.599267+00:00,tech_no_nvda,QQQ,1Hour,5,AAPL,0.4908614,False,8
paper_20260708T150128Z_dc567a48,2026-07-08T15:01:35.599267+00:00,tech_no_nvda,QQQ,1Hour,5,META,0.46497178,False,9
paper_20260708T150128Z_dc567a48,2026-07-08T15:01:39.344613+00:00,new_tech,QQQ,1Hour,5,CRWD,0.5912377,True,1
paper_20260708T150128Z_dc567a48,2026-07-08T15:01:39.344613+00:00,new_tech,QQQ,1Hour,5,MU,0.5607196,True,2
paper_20260708T150128Z_dc567a48,2026-07-08T15:01:39.344613+00:00,new_tech,QQQ,1Hour,5,PLTR,0.5393531,True,3
paper_20260708T150128Z_dc567a48,2026-07-08T15:01:39.344613+00:00,new_tech,QQQ,1Hour,5,SNOW,0.50735277,True,4
paper_20260708T150128Z_dc567a48,2026-07-08T15:01:39.344613+00:00,new_tech,QQQ,1Hour,5,NOW,0.5049745,True,5
paper_20260708T150128Z_dc567a48,2026-07-08T15:01:39.344613+00:00,new_tech,QQQ,1Hour,5,ORCL,0.4851759,False,6
paper_20260708T150128Z_dc567a48,2026-07-08T15:01:39.344613+00:00,new_tech,QQQ,1Hour,5,CSCO,0.48486385,False,7
paper_20260708T150128Z_dc567a48,2026-07-08T15:01:39.344613+00:00,new_tech,QQQ,1Hour,5,DELL,0.4711773,False,8
paper_20260708T150128Z_dc567a48,2026-07-08T15:01:39.344613+00:00,new_tech,QQQ,1Hour,5,NET,0.4659208,False,9
paper_20260708T150128Z_dc567a48,2026-07-08T15:01:39.344613+00:00,new_tech,QQQ,1Hour,5,SMCI,0.46096942,False,10
paper_20260708T150128Z_dc567a48,2026-07-08T15:01:43.208860+00:00,defensive_non_tech,SPY,1Hour,5,ABBV,0.5414116,True,1
paper_20260708T150128Z_dc567a48,2026-07-08T15:01:43.208860+00:00,defensive_non_tech,SPY,1Hour,5,PG,0.5204697,True,2
paper_20260708T150128Z_dc567a48,2026-07-08T15:01:43.208860+00:00,defensive_non_tech,SPY,1Hour,5,MRK,0.4997536,True,3
paper_20260708T150128Z_dc567a48,2026-07-08T15:01:43.208860+00:00,defensive_non_tech,SPY,1Hour,5,COST,0.4892827,True,4
paper_20260708T150128Z_dc567a48,2026-07-08T15:01:43.208860+00:00,defensive_non_tech,SPY,1Hour,5,KO,0.48899063,True,5
paper_20260708T150128Z_dc567a48,2026-07-08T15:01:43.208860+00:00,defensive_non_tech,SPY,1Hour,5,JNJ,0.48472354,False,6
paper_20260708T150128Z_dc567a48,2026-07-08T15:01:43.208860+00:00,defensive_non_tech,SPY,1Hour,5,WMT,0.47877118,False,7
paper_20260708T150128Z_dc567a48,2026-07-08T15:01:43.208860+00:00,defensive_non_tech,SPY,1Hour,5,CVX,0.4777505,False,8
paper_20260708T150128Z_dc567a48,2026-07-08T15:01:43.208860+00:00,defensive_non_tech,SPY,1Hour,5,XOM,0.47744656,False,9
paper_20260708T150128Z_dc567a48,2026-07-08T15:01:43.208860+00:00,defensive_non_tech,SPY,1Hour,5,PEP,0.4640834,False,10
paper_20260708T160049Z_d25fbd12,2026-07-08T16:00:53.656312+00:00,original_tech,QQQ,1Hour,5,AMZN,0.56079787,True,1
paper_20260708T160049Z_d25fbd12,2026-07-08T16:00:53.656312+00:00,original_tech,QQQ,1Hour,5,AAPL,0.52566516,True,2
paper_20260708T160049Z_d25fbd12,2026-07-08T16:00:53.656312+00:00,original_tech,QQQ,1Hour,5,INTC,0.5202428,True,3
paper_20260708T160049Z_d25fbd12,2026-07-08T16:00:53.656312+00:00,original_tech,QQQ,1Hour,5,GOOGL,0.51542795,True,4
paper_20260708T160049Z_d25fbd12,2026-07-08T16:00:53.656312+00:00,original_tech,QQQ,1Hour,5,NVDA,0.51328516,True,5
paper_20260708T160049Z_d25fbd12,2026-07-08T16:00:53.656312+00:00,original_tech,QQQ,1Hour,5,MSFT,0.5065231,False,6
paper_20260708T160049Z_d25fbd12,2026-07-08T16:00:53.656312+00:00,original_tech,QQQ,1Hour,5,META,0.50161254,False,7
paper_20260708T160049Z_d25fbd12,2026-07-08T16:00:53.656312+00:00,original_tech,QQQ,1Hour,5,ADBE,0.49189505,False,8
paper_20260708T160049Z_d25fbd12,2026-07-08T16:00:53.656312+00:00,original_tech,QQQ,1Hour,5,TSLA,0.47045004,False,9
paper_20260708T160049Z_d25fbd12,2026-07-08T16:00:53.656312+00:00,original_tech,QQQ,1Hour,5,AMD,0.46663803,False,10
paper_20260708T160049Z_d25fbd12,2026-07-08T16:00:57.406010+00:00,tech_no_nvda,QQQ,1Hour,5,AMZN,0.56103283,True,1
paper_20260708T160049Z_d25fbd12,2026-07-08T16:00:57.406010+00:00,tech_no_nvda,QQQ,1Hour,5,AAPL,0.5248021,True,2
paper_20260708T160049Z_d25fbd12,2026-07-08T16:00:57.406010+00:00,tech_no_nvda,QQQ,1Hour,5,INTC,0.5230225,True,3
paper_20260708T160049Z_d25fbd12,2026-07-08T16:00:57.406010+00:00,tech_no_nvda,QQQ,1Hour,5,GOOGL,0.5151013,True,4
paper_20260708T160049Z_d25fbd12,2026-07-08T16:00:57.406010+00:00,tech_no_nvda,QQQ,1Hour,5,MSFT,0.50777364,True,5
paper_20260708T160049Z_d25fbd12,2026-07-08T16:00:57.406010+00:00,tech_no_nvda,QQQ,1Hour,5,META,0.50143844,False,6
paper_20260708T160049Z_d25fbd12,2026-07-08T16:00:57.406010+00:00,tech_no_nvda,QQQ,1Hour,5,ADBE,0.49149117,False,7
paper_20260708T160049Z_d25fbd12,2026-07-08T16:00:57.406010+00:00,tech_no_nvda,QQQ,1Hour,5,AMD,0.4721109,False,8
paper_20260708T160049Z_d25fbd12,2026-07-08T16:00:57.406010+00:00,tech_no_nvda,QQQ,1Hour,5,TSLA,0.4706983,False,9
paper_20260708T160049Z_d25fbd12,2026-07-08T16:01:01.880675+00:00,new_tech,QQQ,1Hour,5,ORCL,0.51155585,True,1
paper_20260708T160049Z_d25fbd12,2026-07-08T16:01:01.880675+00:00,new_tech,QQQ,1Hour,5,NOW,0.5084521,True,2
paper_20260708T160049Z_d25fbd12,2026-07-08T16:01:01.880675+00:00,new_tech,QQQ,1Hour,5,PLTR,0.5049497,True,3
paper_20260708T160049Z_d25fbd12,2026-07-08T16:01:01.880675+00:00,new_tech,QQQ,1Hour,5,CSCO,0.50247836,True,4
paper_20260708T160049Z_d25fbd12,2026-07-08T16:01:01.880675+00:00,new_tech,QQQ,1Hour,5,NET,0.5008354,True,5
paper_20260708T160049Z_d25fbd12,2026-07-08T16:01:01.880675+00:00,new_tech,QQQ,1Hour,5,CRWD,0.48834792,False,6
paper_20260708T160049Z_d25fbd12,2026-07-08T16:01:01.880675+00:00,new_tech,QQQ,1Hour,5,MU,0.47993624,False,7
paper_20260708T160049Z_d25fbd12,2026-07-08T16:01:01.880675+00:00,new_tech,QQQ,1Hour,5,SNOW,0.47763926,False,8
paper_20260708T160049Z_d25fbd12,2026-07-08T16:01:01.880675+00:00,new_tech,QQQ,1Hour,5,SMCI,0.46018746,False,9
paper_20260708T160049Z_d25fbd12,2026-07-08T16:01:01.880675+00:00,new_tech,QQQ,1Hour,5,DELL,0.4498082,False,10
paper_20260708T160049Z_d25fbd12,2026-07-08T16:01:05.854091+00:00,defensive_non_tech,SPY,1Hour,5,PG,0.5506836,True,1
paper_20260708T160049Z_d25fbd12,2026-07-08T16:01:05.854091+00:00,defensive_non_tech,SPY,1Hour,5,COST,0.5162805,True,2
paper_20260708T160049Z_d25fbd12,2026-07-08T16:01:05.854091+00:00,defensive_non_tech,SPY,1Hour,5,JNJ,0.51515555,True,3
paper_20260708T160049Z_d25fbd12,2026-07-08T16:01:05.854091+00:00,defensive_non_tech,SPY,1Hour,5,ABBV,0.51263887,True,4
paper_20260708T160049Z_d25fbd12,2026-07-08T16:01:05.854091+00:00,defensive_non_tech,SPY,1Hour,5,KO,0.5119023,True,5
paper_20260708T160049Z_d25fbd12,2026-07-08T16:01:05.854091+00:00,defensive_non_tech,SPY,1Hour,5,WMT,0.51091427,False,6
paper_20260708T160049Z_d25fbd12,2026-07-08T16:01:05.854091+00:00,defensive_non_tech,SPY,1Hour,5,XOM,0.5033136,False,7
paper_20260708T160049Z_d25fbd12,2026-07-08T16:01:05.854091+00:00,defensive_non_tech,SPY,1Hour,5,CVX,0.49953842,False,8
paper_20260708T160049Z_d25fbd12,2026-07-08T16:01:05.854091+00:00,defensive_non_tech,SPY,1Hour,5,PEP,0.49557033,False,9
paper_20260708T160049Z_d25fbd12,2026-07-08T16:01:05.854091+00:00,defensive_non_tech,SPY,1Hour,5,MRK,0.49062935,False,10
paper_20260708T170012Z_90a4fba0,2026-07-08T17:00:18.005098+00:00,original_tech,QQQ,1Hour,5,ADBE,0.560747,True,1
paper_20260708T170012Z_90a4fba0,2026-07-08T17:00:18.005098+00:00,original_tech,QQQ,1Hour,5,AMZN,0.52062726,True,2
paper_20260708T170012Z_90a4fba0,2026-07-08T17:00:18.005098+00:00,original_tech,QQQ,1Hour,5,GOOGL,0.518385,True,3
paper_20260708T170012Z_90a4fba0,2026-07-08T17:00:18.005098+00:00,original_tech,QQQ,1Hour,5,META,0.5167179,True,4
paper_20260708T170012Z_90a4fba0,2026-07-08T17:00:18.005098+00:00,original_tech,QQQ,1Hour,5,MSFT,0.5081975,True,5
paper_20260708T170012Z_90a4fba0,2026-07-08T17:00:18.005098+00:00,original_tech,QQQ,1Hour,5,AAPL,0.5001152,False,6
paper_20260708T170012Z_90a4fba0,2026-07-08T17:00:18.005098+00:00,original_tech,QQQ,1Hour,5,TSLA,0.4919432,False,7
paper_20260708T170012Z_90a4fba0,2026-07-08T17:00:18.005098+00:00,original_tech,QQQ,1Hour,5,NVDA,0.49139673,False,8
paper_20260708T170012Z_90a4fba0,2026-07-08T17:00:18.005098+00:00,original_tech,QQQ,1Hour,5,INTC,0.49054947,False,9
paper_20260708T170012Z_90a4fba0,2026-07-08T17:00:18.005098+00:00,original_tech,QQQ,1Hour,5,AMD,0.46959093,False,10
paper_20260708T170012Z_90a4fba0,2026-07-08T17:00:21.639081+00:00,tech_no_nvda,QQQ,1Hour,5,ADBE,0.5627417,True,1
paper_20260708T170012Z_90a4fba0,2026-07-08T17:00:21.639081+00:00,tech_no_nvda,QQQ,1Hour,5,AMZN,0.5203973,True,2
paper_20260708T170012Z_90a4fba0,2026-07-08T17:00:21.639081+00:00,tech_no_nvda,QQQ,1Hour,5,GOOGL,0.5197284,True,3
paper_20260708T170012Z_90a4fba0,2026-07-08T17:00:21.639081+00:00,tech_no_nvda,QQQ,1Hour,5,META,0.5166759,True,4
paper_20260708T170012Z_90a4fba0,2026-07-08T17:00:21.639081+00:00,tech_no_nvda,QQQ,1Hour,5,MSFT,0.50829566,True,5
paper_20260708T170012Z_90a4fba0,2026-07-08T17:00:21.639081+00:00,tech_no_nvda,QQQ,1Hour,5,AAPL,0.5001654,False,6
paper_20260708T170012Z_90a4fba0,2026-07-08T17:00:21.639081+00:00,tech_no_nvda,QQQ,1Hour,5,INTC,0.49368677,False,7
paper_20260708T170012Z_90a4fba0,2026-07-08T17:00:21.639081+00:00,tech_no_nvda,QQQ,1Hour,5,TSLA,0.49221486,False,8
paper_20260708T170012Z_90a4fba0,2026-07-08T17:00:21.639081+00:00,tech_no_nvda,QQQ,1Hour,5,AMD,0.4699134,False,9
paper_20260708T170012Z_90a4fba0,2026-07-08T17:00:25.969283+00:00,new_tech,QQQ,1Hour,5,PLTR,0.5432761,True,1
paper_20260708T170012Z_90a4fba0,2026-07-08T17:00:25.969283+00:00,new_tech,QQQ,1Hour,5,SMCI,0.5318773,True,2
paper_20260708T170012Z_90a4fba0,2026-07-08T17:00:25.969283+00:00,new_tech,QQQ,1Hour,5,NOW,0.52442276,True,3
paper_20260708T170012Z_90a4fba0,2026-07-08T17:00:25.969283+00:00,new_tech,QQQ,1Hour,5,MU,0.52181536,True,4
paper_20260708T170012Z_90a4fba0,2026-07-08T17:00:25.969283+00:00,new_tech,QQQ,1Hour,5,SNOW,0.521765,True,5
paper_20260708T170012Z_90a4fba0,2026-07-08T17:00:25.969283+00:00,new_tech,QQQ,1Hour,5,ORCL,0.5194105,False,6
paper_20260708T170012Z_90a4fba0,2026-07-08T17:00:25.969283+00:00,new_tech,QQQ,1Hour,5,CSCO,0.5010787,False,7
paper_20260708T170012Z_90a4fba0,2026-07-08T17:00:25.969283+00:00,new_tech,QQQ,1Hour,5,CRWD,0.49659044,False,8
paper_20260708T170012Z_90a4fba0,2026-07-08T17:00:25.969283+00:00,new_tech,QQQ,1Hour,5,DELL,0.49620062,False,9
paper_20260708T170012Z_90a4fba0,2026-07-08T17:00:25.969283+00:00,new_tech,QQQ,1Hour,5,NET,0.49541867,False,10
paper_20260708T170012Z_90a4fba0,2026-07-08T17:00:32.695499+00:00,defensive_non_tech,SPY,1Hour,5,XOM,0.6184454,True,1
paper_20260708T170012Z_90a4fba0,2026-07-08T17:00:32.695499+00:00,defensive_non_tech,SPY,1Hour,5,COST,0.58500063,True,2
paper_20260708T170012Z_90a4fba0,2026-07-08T17:00:32.695499+00:00,defensive_non_tech,SPY,1Hour,5,CVX,0.58383524,True,3
paper_20260708T170012Z_90a4fba0,2026-07-08T17:00:32.695499+00:00,defensive_non_tech,SPY,1Hour,5,KO,0.56718093,True,4
paper_20260708T170012Z_90a4fba0,2026-07-08T17:00:32.695499+00:00,defensive_non_tech,SPY,1Hour,5,WMT,0.5608891,True,5
paper_20260708T170012Z_90a4fba0,2026-07-08T17:00:32.695499+00:00,defensive_non_tech,SPY,1Hour,5,JNJ,0.54308814,False,6
paper_20260708T170012Z_90a4fba0,2026-07-08T17:00:32.695499+00:00,defensive_non_tech,SPY,1Hour,5,PG,0.53418595,False,7
paper_20260708T170012Z_90a4fba0,2026-07-08T17:00:32.695499+00:00,defensive_non_tech,SPY,1Hour,5,PEP,0.5316431,False,8
paper_20260708T170012Z_90a4fba0,2026-07-08T17:00:32.695499+00:00,defensive_non_tech,SPY,1Hour,5,ABBV,0.5116283,False,9
paper_20260708T170012Z_90a4fba0,2026-07-08T17:00:32.695499+00:00,defensive_non_tech,SPY,1Hour,5,MRK,0.5113201,False,10
paper_20260708T180039Z_e5465336,2026-07-08T18:00:43.470162+00:00,original_tech,QQQ,1Hour,5,GOOGL,0.5545674,True,1
paper_20260708T180039Z_e5465336,2026-07-08T18:00:43.470162+00:00,original_tech,QQQ,1Hour,5,TSLA,0.55222243,True,2
paper_20260708T180039Z_e5465336,2026-07-08T18:00:43.470162+00:00,original_tech,QQQ,1Hour,5,AMZN,0.51973736,True,3
paper_20260708T180039Z_e5465336,2026-07-08T18:00:43.470162+00:00,original_tech,QQQ,1Hour,5,MSFT,0.5176436,True,4
paper_20260708T180039Z_e5465336,2026-07-08T18:00:43.470162+00:00,original_tech,QQQ,1Hour,5,INTC,0.51548845,True,5
paper_20260708T180039Z_e5465336,2026-07-08T18:00:43.470162+00:00,original_tech,QQQ,1Hour,5,ADBE,0.5076369,False,6
paper_20260708T180039Z_e5465336,2026-07-08T18:00:43.470162+00:00,original_tech,QQQ,1Hour,5,META,0.50651926,False,7
paper_20260708T180039Z_e5465336,2026-07-08T18:00:43.470162+00:00,original_tech,QQQ,1Hour,5,AAPL,0.5035771,False,8
paper_20260708T180039Z_e5465336,2026-07-08T18:00:43.470162+00:00,original_tech,QQQ,1Hour,5,AMD,0.502428,False,9
paper_20260708T180039Z_e5465336,2026-07-08T18:00:43.470162+00:00,original_tech,QQQ,1Hour,5,NVDA,0.4891603,False,10
paper_20260708T180039Z_e5465336,2026-07-08T18:00:47.087656+00:00,tech_no_nvda,QQQ,1Hour,5,TSLA,0.5529156,True,1
paper_20260708T180039Z_e5465336,2026-07-08T18:00:47.087656+00:00,tech_no_nvda,QQQ,1Hour,5,GOOGL,0.55121243,True,2
paper_20260708T180039Z_e5465336,2026-07-08T18:00:47.087656+00:00,tech_no_nvda,QQQ,1Hour,5,AMZN,0.5174046,True,3
paper_20260708T180039Z_e5465336,2026-07-08T18:00:47.087656+00:00,tech_no_nvda,QQQ,1Hour,5,MSFT,0.51189226,True,4
paper_20260708T180039Z_e5465336,2026-07-08T18:00:47.087656+00:00,tech_no_nvda,QQQ,1Hour,5,INTC,0.5098184,True,5
paper_20260708T180039Z_e5465336,2026-07-08T18:00:47.087656+00:00,tech_no_nvda,QQQ,1Hour,5,META,0.5091224,False,6
paper_20260708T180039Z_e5465336,2026-07-08T18:00:47.087656+00:00,tech_no_nvda,QQQ,1Hour,5,ADBE,0.5058412,False,7
paper_20260708T180039Z_e5465336,2026-07-08T18:00:47.087656+00:00,tech_no_nvda,QQQ,1Hour,5,AAPL,0.50107086,False,8
paper_20260708T180039Z_e5465336,2026-07-08T18:00:47.087656+00:00,tech_no_nvda,QQQ,1Hour,5,AMD,0.4992892,False,9
paper_20260708T180039Z_e5465336,2026-07-08T18:00:51.644726+00:00,new_tech,QQQ,1Hour,5,MU,0.57291824,True,1
paper_20260708T180039Z_e5465336,2026-07-08T18:00:51.644726+00:00,new_tech,QQQ,1Hour,5,DELL,0.5297129,True,2
paper_20260708T180039Z_e5465336,2026-07-08T18:00:51.644726+00:00,new_tech,QQQ,1Hour,5,CRWD,0.52349836,True,3
paper_20260708T180039Z_e5465336,2026-07-08T18:00:51.644726+00:00,new_tech,QQQ,1Hour,5,CSCO,0.5172368,True,4
paper_20260708T180039Z_e5465336,2026-07-08T18:00:51.644726+00:00,new_tech,QQQ,1Hour,5,SNOW,0.50834244,True,5
paper_20260708T180039Z_e5465336,2026-07-08T18:00:51.644726+00:00,new_tech,QQQ,1Hour,5,PLTR,0.5077356,False,6
paper_20260708T180039Z_e5465336,2026-07-08T18:00:51.644726+00:00,new_tech,QQQ,1Hour,5,NOW,0.49450552,False,7
paper_20260708T180039Z_e5465336,2026-07-08T18:00:51.644726+00:00,new_tech,QQQ,1Hour,5,ORCL,0.48694256,False,8
paper_20260708T180039Z_e5465336,2026-07-08T18:00:51.644726+00:00,new_tech,QQQ,1Hour,5,NET,0.4794903,False,9
paper_20260708T180039Z_e5465336,2026-07-08T18:00:51.644726+00:00,new_tech,QQQ,1Hour,5,SMCI,0.4290016,False,10
paper_20260708T180039Z_e5465336,2026-07-08T18:00:57.267503+00:00,defensive_non_tech,SPY,1Hour,5,PG,0.52760184,True,1
paper_20260708T180039Z_e5465336,2026-07-08T18:00:57.267503+00:00,defensive_non_tech,SPY,1Hour,5,WMT,0.52411443,True,2
paper_20260708T180039Z_e5465336,2026-07-08T18:00:57.267503+00:00,defensive_non_tech,SPY,1Hour,5,ABBV,0.513939,True,3
paper_20260708T180039Z_e5465336,2026-07-08T18:00:57.267503+00:00,defensive_non_tech,SPY,1Hour,5,KO,0.5129056,True,4
paper_20260708T180039Z_e5465336,2026-07-08T18:00:57.267503+00:00,defensive_non_tech,SPY,1Hour,5,JNJ,0.511597,True,5
paper_20260708T180039Z_e5465336,2026-07-08T18:00:57.267503+00:00,defensive_non_tech,SPY,1Hour,5,COST,0.51073563,False,6
paper_20260708T180039Z_e5465336,2026-07-08T18:00:57.267503+00:00,defensive_non_tech,SPY,1Hour,5,PEP,0.5095523,False,7
paper_20260708T180039Z_e5465336,2026-07-08T18:00:57.267503+00:00,defensive_non_tech,SPY,1Hour,5,MRK,0.5079362,False,8
paper_20260708T180039Z_e5465336,2026-07-08T18:00:57.267503+00:00,defensive_non_tech,SPY,1Hour,5,CVX,0.48446968,False,9
paper_20260708T180039Z_e5465336,2026-07-08T18:00:57.267503+00:00,defensive_non_tech,SPY,1Hour,5,XOM,0.4675226,False,10
paper_20260708T190003Z_d5c4ccb1,2026-07-08T19:00:07.642483+00:00,original_tech,QQQ,1Hour,5,INTC,0.5206455,True,1
paper_20260708T190003Z_d5c4ccb1,2026-07-08T19:00:07.642483+00:00,original_tech,QQQ,1Hour,5,AAPL,0.512356,True,2
paper_20260708T190003Z_d5c4ccb1,2026-07-08T19:00:07.642483+00:00,original_tech,QQQ,1Hour,5,TSLA,0.5057153,True,3
paper_20260708T190003Z_d5c4ccb1,2026-07-08T19:00:07.642483+00:00,original_tech,QQQ,1Hour,5,AMZN,0.5053762,True,4
paper_20260708T190003Z_d5c4ccb1,2026-07-08T19:00:07.642483+00:00,original_tech,QQQ,1Hour,5,GOOGL,0.5018026,True,5
paper_20260708T190003Z_d5c4ccb1,2026-07-08T19:00:07.642483+00:00,original_tech,QQQ,1Hour,5,NVDA,0.50002503,False,6
paper_20260708T190003Z_d5c4ccb1,2026-07-08T19:00:07.642483+00:00,original_tech,QQQ,1Hour,5,MSFT,0.4956544,False,7
paper_20260708T190003Z_d5c4ccb1,2026-07-08T19:00:07.642483+00:00,original_tech,QQQ,1Hour,5,ADBE,0.47547695,False,8
paper_20260708T190003Z_d5c4ccb1,2026-07-08T19:00:07.642483+00:00,original_tech,QQQ,1Hour,5,META,0.47187325,False,9
paper_20260708T190003Z_d5c4ccb1,2026-07-08T19:00:07.642483+00:00,original_tech,QQQ,1Hour,5,AMD,0.45900658,False,10
paper_20260708T190003Z_d5c4ccb1,2026-07-08T19:00:11.564831+00:00,tech_no_nvda,QQQ,1Hour,5,INTC,0.5205699,True,1
paper_20260708T190003Z_d5c4ccb1,2026-07-08T19:00:11.564831+00:00,tech_no_nvda,QQQ,1Hour,5,AAPL,0.51229674,True,2
paper_20260708T190003Z_d5c4ccb1,2026-07-08T19:00:11.564831+00:00,tech_no_nvda,QQQ,1Hour,5,TSLA,0.50655895,True,3
paper_20260708T190003Z_d5c4ccb1,2026-07-08T19:00:11.564831+00:00,tech_no_nvda,QQQ,1Hour,5,AMZN,0.5061435,True,4
paper_20260708T190003Z_d5c4ccb1,2026-07-08T19:00:11.564831+00:00,tech_no_nvda,QQQ,1Hour,5,GOOGL,0.5017816,True,5
paper_20260708T190003Z_d5c4ccb1,2026-07-08T19:00:11.564831+00:00,tech_no_nvda,QQQ,1Hour,5,MSFT,0.49642432,False,6
paper_20260708T190003Z_d5c4ccb1,2026-07-08T19:00:11.564831+00:00,tech_no_nvda,QQQ,1Hour,5,ADBE,0.47804737,False,7
paper_20260708T190003Z_d5c4ccb1,2026-07-08T19:00:11.564831+00:00,tech_no_nvda,QQQ,1Hour,5,META,0.47283673,False,8
paper_20260708T190003Z_d5c4ccb1,2026-07-08T19:00:11.564831+00:00,tech_no_nvda,QQQ,1Hour,5,AMD,0.45972875,False,9
paper_20260708T190003Z_d5c4ccb1,2026-07-08T19:00:15.524685+00:00,new_tech,QQQ,1Hour,5,CSCO,0.5314401,True,1
paper_20260708T190003Z_d5c4ccb1,2026-07-08T19:00:15.524685+00:00,new_tech,QQQ,1Hour,5,ORCL,0.5164877,True,2
paper_20260708T190003Z_d5c4ccb1,2026-07-08T19:00:15.524685+00:00,new_tech,QQQ,1Hour,5,DELL,0.4907595,True,3
paper_20260708T190003Z_d5c4ccb1,2026-07-08T19:00:15.524685+00:00,new_tech,QQQ,1Hour,5,MU,0.480836,True,4
paper_20260708T190003Z_d5c4ccb1,2026-07-08T19:00:15.524685+00:00,new_tech,QQQ,1Hour,5,SNOW,0.476572,True,5
paper_20260708T190003Z_d5c4ccb1,2026-07-08T19:00:15.524685+00:00,new_tech,QQQ,1Hour,5,CRWD,0.47128987,False,6
paper_20260708T190003Z_d5c4ccb1,2026-07-08T19:00:15.524685+00:00,new_tech,QQQ,1Hour,5,PLTR,0.4675776,False,7
paper_20260708T190003Z_d5c4ccb1,2026-07-08T19:00:15.524685+00:00,new_tech,QQQ,1Hour,5,NOW,0.46585923,False,8
paper_20260708T190003Z_d5c4ccb1,2026-07-08T19:00:15.524685+00:00,new_tech,QQQ,1Hour,5,SMCI,0.46478868,False,9
paper_20260708T190003Z_d5c4ccb1,2026-07-08T19:00:15.524685+00:00,new_tech,QQQ,1Hour,5,NET,0.44833905,False,10
paper_20260708T190003Z_d5c4ccb1,2026-07-08T19:00:19.859623+00:00,defensive_non_tech,SPY,1Hour,5,KO,0.52001816,True,1
paper_20260708T190003Z_d5c4ccb1,2026-07-08T19:00:19.859623+00:00,defensive_non_tech,SPY,1Hour,5,WMT,0.5168825,True,2
paper_20260708T190003Z_d5c4ccb1,2026-07-08T19:00:19.859623+00:00,defensive_non_tech,SPY,1Hour,5,COST,0.5085393,True,3
paper_20260708T190003Z_d5c4ccb1,2026-07-08T19:00:19.859623+00:00,defensive_non_tech,SPY,1Hour,5,JNJ,0.5037247,True,4
paper_20260708T190003Z_d5c4ccb1,2026-07-08T19:00:19.859623+00:00,defensive_non_tech,SPY,1Hour,5,CVX,0.5012659,True,5
paper_20260708T190003Z_d5c4ccb1,2026-07-08T19:00:19.859623+00:00,defensive_non_tech,SPY,1Hour,5,PG,0.4839326,False,6
paper_20260708T190003Z_d5c4ccb1,2026-07-08T19:00:19.859623+00:00,defensive_non_tech,SPY,1Hour,5,PEP,0.4800931,False,7
paper_20260708T190003Z_d5c4ccb1,2026-07-08T19:00:19.859623+00:00,defensive_non_tech,SPY,1Hour,5,ABBV,0.47651422,False,8
paper_20260708T190003Z_d5c4ccb1,2026-07-08T19:00:19.859623+00:00,defensive_non_tech,SPY,1Hour,5,XOM,0.46207216,False,9
paper_20260708T190003Z_d5c4ccb1,2026-07-08T19:00:19.859623+00:00,defensive_non_tech,SPY,1Hour,5,MRK,0.46007833,False,10
paper_20260709T163511Z_9eaaa82b,2026-07-09T16:35:23.024948+00:00,original_tech,QQQ,1Hour,5,AMD,0.54234207,True,1
paper_20260709T163511Z_9eaaa82b,2026-07-09T16:35:23.024948+00:00,original_tech,QQQ,1Hour,5,AAPL,0.5139094,True,2
paper_20260709T163511Z_9eaaa82b,2026-07-09T16:35:23.024948+00:00,original_tech,QQQ,1Hour,5,NVDA,0.49673715,True,3
paper_20260709T163511Z_9eaaa82b,2026-07-09T16:35:23.024948+00:00,original_tech,QQQ,1Hour,5,AMZN,0.48547253,True,4
paper_20260709T163511Z_9eaaa82b,2026-07-09T16:35:23.024948+00:00,original_tech,QQQ,1Hour,5,ADBE,0.48228163,True,5
paper_20260709T163511Z_9eaaa82b,2026-07-09T16:35:23.024948+00:00,original_tech,QQQ,1Hour,5,MSFT,0.4724076,False,6
paper_20260709T163511Z_9eaaa82b,2026-07-09T16:35:23.024948+00:00,original_tech,QQQ,1Hour,5,TSLA,0.46941745,False,7
paper_20260709T163511Z_9eaaa82b,2026-07-09T16:35:23.024948+00:00,original_tech,QQQ,1Hour,5,META,0.46585214,False,8
paper_20260709T163511Z_9eaaa82b,2026-07-09T16:35:23.024948+00:00,original_tech,QQQ,1Hour,5,GOOGL,0.4653713,False,9
paper_20260709T163511Z_9eaaa82b,2026-07-09T16:35:23.024948+00:00,original_tech,QQQ,1Hour,5,INTC,0.440591,False,10
paper_20260709T163511Z_9eaaa82b,2026-07-09T16:35:27.112266+00:00,tech_no_nvda,QQQ,1Hour,5,AMD,0.5419532,True,1
paper_20260709T163511Z_9eaaa82b,2026-07-09T16:35:27.112266+00:00,tech_no_nvda,QQQ,1Hour,5,AAPL,0.51413584,True,2
paper_20260709T163511Z_9eaaa82b,2026-07-09T16:35:27.112266+00:00,tech_no_nvda,QQQ,1Hour,5,AMZN,0.4855248,True,3
paper_20260709T163511Z_9eaaa82b,2026-07-09T16:35:27.112266+00:00,tech_no_nvda,QQQ,1Hour,5,ADBE,0.48219547,True,4
paper_20260709T163511Z_9eaaa82b,2026-07-09T16:35:27.112266+00:00,tech_no_nvda,QQQ,1Hour,5,MSFT,0.4724007,True,5
paper_20260709T163511Z_9eaaa82b,2026-07-09T16:35:27.112266+00:00,tech_no_nvda,QQQ,1Hour,5,TSLA,0.4694727,False,6
paper_20260709T163511Z_9eaaa82b,2026-07-09T16:35:27.112266+00:00,tech_no_nvda,QQQ,1Hour,5,META,0.46645188,False,7
paper_20260709T163511Z_9eaaa82b,2026-07-09T16:35:27.112266+00:00,tech_no_nvda,QQQ,1Hour,5,GOOGL,0.46527588,False,8
paper_20260709T163511Z_9eaaa82b,2026-07-09T16:35:27.112266+00:00,tech_no_nvda,QQQ,1Hour,5,INTC,0.44056493,False,9
paper_20260709T163511Z_9eaaa82b,2026-07-09T16:35:30.885599+00:00,new_tech,QQQ,1Hour,5,DELL,0.5438935,True,1
paper_20260709T163511Z_9eaaa82b,2026-07-09T16:35:30.885599+00:00,new_tech,QQQ,1Hour,5,CSCO,0.5344255,True,2
paper_20260709T163511Z_9eaaa82b,2026-07-09T16:35:30.885599+00:00,new_tech,QQQ,1Hour,5,ORCL,0.5067198,True,3
paper_20260709T163511Z_9eaaa82b,2026-07-09T16:35:30.885599+00:00,new_tech,QQQ,1Hour,5,SMCI,0.5043867,True,4
paper_20260709T163511Z_9eaaa82b,2026-07-09T16:35:30.885599+00:00,new_tech,QQQ,1Hour,5,SNOW,0.50389206,True,5
paper_20260709T163511Z_9eaaa82b,2026-07-09T16:35:30.885599+00:00,new_tech,QQQ,1Hour,5,NET,0.48834342,False,6
paper_20260709T163511Z_9eaaa82b,2026-07-09T16:35:30.885599+00:00,new_tech,QQQ,1Hour,5,NOW,0.47248828,False,7
paper_20260709T163511Z_9eaaa82b,2026-07-09T16:35:30.885599+00:00,new_tech,QQQ,1Hour,5,MU,0.46388364,False,8
paper_20260709T163511Z_9eaaa82b,2026-07-09T16:35:30.885599+00:00,new_tech,QQQ,1Hour,5,CRWD,0.458352,False,9
paper_20260709T163511Z_9eaaa82b,2026-07-09T16:35:30.885599+00:00,new_tech,QQQ,1Hour,5,PLTR,0.4235951,False,10
paper_20260709T163511Z_9eaaa82b,2026-07-09T16:35:35.679522+00:00,defensive_non_tech,SPY,1Hour,5,WMT,0.49524736,True,1
paper_20260709T163511Z_9eaaa82b,2026-07-09T16:35:35.679522+00:00,defensive_non_tech,SPY,1Hour,5,ABBV,0.49129042,True,2
paper_20260709T163511Z_9eaaa82b,2026-07-09T16:35:35.679522+00:00,defensive_non_tech,SPY,1Hour,5,PG,0.48553523,True,3
paper_20260709T163511Z_9eaaa82b,2026-07-09T16:35:35.679522+00:00,defensive_non_tech,SPY,1Hour,5,JNJ,0.48259455,True,4
paper_20260709T163511Z_9eaaa82b,2026-07-09T16:35:35.679522+00:00,defensive_non_tech,SPY,1Hour,5,KO,0.47648942,True,5
paper_20260709T163511Z_9eaaa82b,2026-07-09T16:35:35.679522+00:00,defensive_non_tech,SPY,1Hour,5,CVX,0.4762686,False,6
paper_20260709T163511Z_9eaaa82b,2026-07-09T16:35:35.679522+00:00,defensive_non_tech,SPY,1Hour,5,PEP,0.47591057,False,7
paper_20260709T163511Z_9eaaa82b,2026-07-09T16:35:35.679522+00:00,defensive_non_tech,SPY,1Hour,5,MRK,0.4757635,False,8
paper_20260709T163511Z_9eaaa82b,2026-07-09T16:35:35.679522+00:00,defensive_non_tech,SPY,1Hour,5,COST,0.46726173,False,9
paper_20260709T163511Z_9eaaa82b,2026-07-09T16:35:35.679522+00:00,defensive_non_tech,SPY,1Hour,5,XOM,0.46193707,False,10
paper_20260709T173505Z_46333787,2026-07-09T17:35:12.891718+00:00,original_tech,QQQ,1Hour,5,MSFT,0.5235695,True,1
paper_20260709T173505Z_46333787,2026-07-09T17:35:12.891718+00:00,original_tech,QQQ,1Hour,5,GOOGL,0.51877016,True,2
paper_20260709T173505Z_46333787,2026-07-09T17:35:12.891718+00:00,original_tech,QQQ,1Hour,5,META,0.5155858,True,3
paper_20260709T173505Z_46333787,2026-07-09T17:35:12.891718+00:00,original_tech,QQQ,1Hour,5,AAPL,0.5149204,True,4
paper_20260709T173505Z_46333787,2026-07-09T17:35:12.891718+00:00,original_tech,QQQ,1Hour,5,ADBE,0.51282734,True,5
paper_20260709T173505Z_46333787,2026-07-09T17:35:12.891718+00:00,original_tech,QQQ,1Hour,5,AMZN,0.5044675,False,6
paper_20260709T173505Z_46333787,2026-07-09T17:35:12.891718+00:00,original_tech,QQQ,1Hour,5,NVDA,0.48829913,False,7
paper_20260709T173505Z_46333787,2026-07-09T17:35:12.891718+00:00,original_tech,QQQ,1Hour,5,TSLA,0.46893263,False,8
paper_20260709T173505Z_46333787,2026-07-09T17:35:12.891718+00:00,original_tech,QQQ,1Hour,5,INTC,0.43317464,False,9
paper_20260709T173505Z_46333787,2026-07-09T17:35:12.891718+00:00,original_tech,QQQ,1Hour,5,AMD,0.396547,False,10
paper_20260709T173505Z_46333787,2026-07-09T17:35:17.235648+00:00,tech_no_nvda,QQQ,1Hour,5,MSFT,0.52360535,True,1
paper_20260709T173505Z_46333787,2026-07-09T17:35:17.235648+00:00,tech_no_nvda,QQQ,1Hour,5,GOOGL,0.5176271,True,2
paper_20260709T173505Z_46333787,2026-07-09T17:35:17.235648+00:00,tech_no_nvda,QQQ,1Hour,5,META,0.5163823,True,3
paper_20260709T173505Z_46333787,2026-07-09T17:35:17.235648+00:00,tech_no_nvda,QQQ,1Hour,5,AAPL,0.5148734,True,4
paper_20260709T173505Z_46333787,2026-07-09T17:35:17.235648+00:00,tech_no_nvda,QQQ,1Hour,5,ADBE,0.51259804,True,5
paper_20260709T173505Z_46333787,2026-07-09T17:35:17.235648+00:00,tech_no_nvda,QQQ,1Hour,5,AMZN,0.504136,False,6
paper_20260709T173505Z_46333787,2026-07-09T17:35:17.235648+00:00,tech_no_nvda,QQQ,1Hour,5,TSLA,0.46853095,False,7
paper_20260709T173505Z_46333787,2026-07-09T17:35:17.235648+00:00,tech_no_nvda,QQQ,1Hour,5,INTC,0.43474773,False,8
paper_20260709T173505Z_46333787,2026-07-09T17:35:17.235648+00:00,tech_no_nvda,QQQ,1Hour,5,AMD,0.3976586,False,9
paper_20260709T173505Z_46333787,2026-07-09T17:35:22.218361+00:00,new_tech,QQQ,1Hour,5,PLTR,0.56759554,True,1
paper_20260709T173505Z_46333787,2026-07-09T17:35:22.218361+00:00,new_tech,QQQ,1Hour,5,NOW,0.50934327,True,2
paper_20260709T173505Z_46333787,2026-07-09T17:35:22.218361+00:00,new_tech,QQQ,1Hour,5,SNOW,0.5085014,True,3
paper_20260709T173505Z_46333787,2026-07-09T17:35:22.218361+00:00,new_tech,QQQ,1Hour,5,NET,0.49505168,True,4
paper_20260709T173505Z_46333787,2026-07-09T17:35:22.218361+00:00,new_tech,QQQ,1Hour,5,DELL,0.49291912,True,5
paper_20260709T173505Z_46333787,2026-07-09T17:35:22.218361+00:00,new_tech,QQQ,1Hour,5,SMCI,0.4917745,False,6
paper_20260709T173505Z_46333787,2026-07-09T17:35:22.218361+00:00,new_tech,QQQ,1Hour,5,CSCO,0.48676205,False,7
paper_20260709T173505Z_46333787,2026-07-09T17:35:22.218361+00:00,new_tech,QQQ,1Hour,5,CRWD,0.47113168,False,8
paper_20260709T173505Z_46333787,2026-07-09T17:35:22.218361+00:00,new_tech,QQQ,1Hour,5,ORCL,0.46949863,False,9
paper_20260709T173505Z_46333787,2026-07-09T17:35:22.218361+00:00,new_tech,QQQ,1Hour,5,MU,0.4471593,False,10
paper_20260709T173505Z_46333787,2026-07-09T17:35:26.973207+00:00,defensive_non_tech,SPY,1Hour,5,PEP,0.56900734,True,1
paper_20260709T173505Z_46333787,2026-07-09T17:35:26.973207+00:00,defensive_non_tech,SPY,1Hour,5,COST,0.56753033,True,2
paper_20260709T173505Z_46333787,2026-07-09T17:35:26.973207+00:00,defensive_non_tech,SPY,1Hour,5,WMT,0.50486284,True,3
paper_20260709T173505Z_46333787,2026-07-09T17:35:26.973207+00:00,defensive_non_tech,SPY,1Hour,5,KO,0.5036408,True,4
paper_20260709T173505Z_46333787,2026-07-09T17:35:26.973207+00:00,defensive_non_tech,SPY,1Hour,5,PG,0.50270635,True,5
paper_20260709T173505Z_46333787,2026-07-09T17:35:26.973207+00:00,defensive_non_tech,SPY,1Hour,5,XOM,0.49832562,False,6
paper_20260709T173505Z_46333787,2026-07-09T17:35:26.973207+00:00,defensive_non_tech,SPY,1Hour,5,CVX,0.4976153,False,7
paper_20260709T173505Z_46333787,2026-07-09T17:35:26.973207+00:00,defensive_non_tech,SPY,1Hour,5,ABBV,0.48660496,False,8
paper_20260709T173505Z_46333787,2026-07-09T17:35:26.973207+00:00,defensive_non_tech,SPY,1Hour,5,MRK,0.4796605,False,9
paper_20260709T173505Z_46333787,2026-07-09T17:35:26.973207+00:00,defensive_non_tech,SPY,1Hour,5,JNJ,0.4792712,False,10
paper_20260709T183504Z_f4c3161f,2026-07-09T18:35:08.335550+00:00,original_tech,QQQ,1Hour,5,GOOGL,0.5103467,True,1
paper_20260709T183504Z_f4c3161f,2026-07-09T18:35:08.335550+00:00,original_tech,QQQ,1Hour,5,AAPL,0.5077083,True,2
paper_20260709T183504Z_f4c3161f,2026-07-09T18:35:08.335550+00:00,original_tech,QQQ,1Hour,5,AMZN,0.507193,True,3
paper_20260709T183504Z_f4c3161f,2026-07-09T18:35:08.335550+00:00,original_tech,QQQ,1Hour,5,MSFT,0.5055275,True,4
paper_20260709T183504Z_f4c3161f,2026-07-09T18:35:08.335550+00:00,original_tech,QQQ,1Hour,5,ADBE,0.5000312,True,5
paper_20260709T183504Z_f4c3161f,2026-07-09T18:35:08.335550+00:00,original_tech,QQQ,1Hour,5,META,0.49963698,False,6
paper_20260709T183504Z_f4c3161f,2026-07-09T18:35:08.335550+00:00,original_tech,QQQ,1Hour,5,NVDA,0.4967704,False,7
paper_20260709T183504Z_f4c3161f,2026-07-09T18:35:08.335550+00:00,original_tech,QQQ,1Hour,5,TSLA,0.45229605,False,8
paper_20260709T183504Z_f4c3161f,2026-07-09T18:35:08.335550+00:00,original_tech,QQQ,1Hour,5,AMD,0.44633162,False,9
paper_20260709T183504Z_f4c3161f,2026-07-09T18:35:08.335550+00:00,original_tech,QQQ,1Hour,5,INTC,0.43752128,False,10
paper_20260709T183504Z_f4c3161f,2026-07-09T18:35:12.529549+00:00,tech_no_nvda,QQQ,1Hour,5,GOOGL,0.51065344,True,1
paper_20260709T183504Z_f4c3161f,2026-07-09T18:35:12.529549+00:00,tech_no_nvda,QQQ,1Hour,5,AAPL,0.50780916,True,2
paper_20260709T183504Z_f4c3161f,2026-07-09T18:35:12.529549+00:00,tech_no_nvda,QQQ,1Hour,5,AMZN,0.5071922,True,3
paper_20260709T183504Z_f4c3161f,2026-07-09T18:35:12.529549+00:00,tech_no_nvda,QQQ,1Hour,5,MSFT,0.50553894,True,4
paper_20260709T183504Z_f4c3161f,2026-07-09T18:35:12.529549+00:00,tech_no_nvda,QQQ,1Hour,5,ADBE,0.5000055,True,5
paper_20260709T183504Z_f4c3161f,2026-07-09T18:35:12.529549+00:00,tech_no_nvda,QQQ,1Hour,5,META,0.49921328,False,6
paper_20260709T183504Z_f4c3161f,2026-07-09T18:35:12.529549+00:00,tech_no_nvda,QQQ,1Hour,5,TSLA,0.45239994,False,7
paper_20260709T183504Z_f4c3161f,2026-07-09T18:35:12.529549+00:00,tech_no_nvda,QQQ,1Hour,5,AMD,0.4462204,False,8
paper_20260709T183504Z_f4c3161f,2026-07-09T18:35:12.529549+00:00,tech_no_nvda,QQQ,1Hour,5,INTC,0.4374867,False,9
paper_20260709T183504Z_f4c3161f,2026-07-09T18:35:17.000417+00:00,new_tech,QQQ,1Hour,5,SNOW,0.5138285,True,1
paper_20260709T183504Z_f4c3161f,2026-07-09T18:35:17.000417+00:00,new_tech,QQQ,1Hour,5,DELL,0.5098198,True,2
paper_20260709T183504Z_f4c3161f,2026-07-09T18:35:17.000417+00:00,new_tech,QQQ,1Hour,5,SMCI,0.5049868,True,3
paper_20260709T183504Z_f4c3161f,2026-07-09T18:35:17.000417+00:00,new_tech,QQQ,1Hour,5,PLTR,0.4990143,True,4
paper_20260709T183504Z_f4c3161f,2026-07-09T18:35:17.000417+00:00,new_tech,QQQ,1Hour,5,CSCO,0.4942913,True,5
paper_20260709T183504Z_f4c3161f,2026-07-09T18:35:17.000417+00:00,new_tech,QQQ,1Hour,5,CRWD,0.48771214,False,6
paper_20260709T183504Z_f4c3161f,2026-07-09T18:35:17.000417+00:00,new_tech,QQQ,1Hour,5,NOW,0.4862893,False,7
paper_20260709T183504Z_f4c3161f,2026-07-09T18:35:17.000417+00:00,new_tech,QQQ,1Hour,5,NET,0.48149574,False,8
paper_20260709T183504Z_f4c3161f,2026-07-09T18:35:17.000417+00:00,new_tech,QQQ,1Hour,5,MU,0.47520572,False,9
paper_20260709T183504Z_f4c3161f,2026-07-09T18:35:17.000417+00:00,new_tech,QQQ,1Hour,5,ORCL,0.45684922,False,10
paper_20260709T183504Z_f4c3161f,2026-07-09T18:35:21.524630+00:00,defensive_non_tech,SPY,1Hour,5,PEP,0.5152481,True,1
paper_20260709T183504Z_f4c3161f,2026-07-09T18:35:21.524630+00:00,defensive_non_tech,SPY,1Hour,5,KO,0.51363134,True,2
paper_20260709T183504Z_f4c3161f,2026-07-09T18:35:21.524630+00:00,defensive_non_tech,SPY,1Hour,5,MRK,0.51069105,True,3
paper_20260709T183504Z_f4c3161f,2026-07-09T18:35:21.524630+00:00,defensive_non_tech,SPY,1Hour,5,PG,0.5050477,True,4
paper_20260709T183504Z_f4c3161f,2026-07-09T18:35:21.524630+00:00,defensive_non_tech,SPY,1Hour,5,XOM,0.50256896,True,5
paper_20260709T183504Z_f4c3161f,2026-07-09T18:35:21.524630+00:00,defensive_non_tech,SPY,1Hour,5,JNJ,0.500394,False,6
paper_20260709T183504Z_f4c3161f,2026-07-09T18:35:21.524630+00:00,defensive_non_tech,SPY,1Hour,5,WMT,0.49959263,False,7
paper_20260709T183504Z_f4c3161f,2026-07-09T18:35:21.524630+00:00,defensive_non_tech,SPY,1Hour,5,CVX,0.49491388,False,8
paper_20260709T183504Z_f4c3161f,2026-07-09T18:35:21.524630+00:00,defensive_non_tech,SPY,1Hour,5,COST,0.4914178,False,9
paper_20260709T183504Z_f4c3161f,2026-07-09T18:35:21.524630+00:00,defensive_non_tech,SPY,1Hour,5,ABBV,0.48904938,False,10
