run_id,timestamp,universe,benchmark,timeframe,top_k,ticker,opened_at,last_seen_at,target_weight,current_status,alpaca_order_id
paper_20260706T215107Z_88859d26,2026-07-06T21:51:10.861747+00:00,original_tech,QQQ,1Hour,5,AAPL,2026-07-06T21:51:10.861747+00:00,2026-07-06T21:51:10.861747+00:00,0.2,opened,
paper_20260706T215107Z_88859d26,2026-07-06T21:51:10.861747+00:00,original_tech,QQQ,1Hour,5,AMD,2026-07-06T21:51:10.861747+00:00,2026-07-06T21:51:10.861747+00:00,0.2,opened,
paper_20260706T215107Z_88859d26,2026-07-06T21:51:10.861747+00:00,original_tech,QQQ,1Hour,5,AMZN,2026-07-06T21:51:10.861747+00:00,2026-07-06T21:51:10.861747+00:00,0.2,opened,
paper_20260706T215107Z_88859d26,2026-07-06T21:51:10.861747+00:00,original_tech,QQQ,1Hour,5,MSFT,2026-07-06T21:51:10.861747+00:00,2026-07-06T21:51:10.861747+00:00,0.2,opened,
paper_20260706T215107Z_88859d26,2026-07-06T21:51:10.861747+00:00,original_tech,QQQ,1Hour,5,NVDA,2026-07-06T21:51:10.861747+00:00,2026-07-06T21:51:10.861747+00:00,0.2,opened,
paper_20260706T215107Z_88859d26,2026-07-06T21:51:13.725983+00:00,tech_no_nvda,QQQ,1Hour,5,AAPL,2026-07-06T21:51:13.725983+00:00,2026-07-06T21:51:13.725983+00:00,0.2,opened,
paper_20260706T215107Z_88859d26,2026-07-06T21:51:13.725983+00:00,tech_no_nvda,QQQ,1Hour,5,AMD,2026-07-06T21:51:13.725983+00:00,2026-07-06T21:51:13.725983+00:00,0.2,opened,
paper_20260706T215107Z_88859d26,2026-07-06T21:51:13.725983+00:00,tech_no_nvda,QQQ,1Hour,5,AMZN,2026-07-06T21:51:13.725983+00:00,2026-07-06T21:51:13.725983+00:00,0.2,opened,
paper_20260706T215107Z_88859d26,2026-07-06T21:51:13.725983+00:00,tech_no_nvda,QQQ,1Hour,5,INTC,2026-07-06T21:51:13.725983+00:00,2026-07-06T21:51:13.725983+00:00,0.2,opened,
paper_20260706T215107Z_88859d26,2026-07-06T21:51:13.725983+00:00,tech_no_nvda,QQQ,1Hour,5,MSFT,2026-07-06T21:51:13.725983+00:00,2026-07-06T21:51:13.725983+00:00,0.2,opened,
paper_20260706T215238Z_6ea007ff,2026-07-06T21:52:41.405391+00:00,original_tech,QQQ,1Hour,5,AAPL,2026-07-06T21:52:41.405391+00:00,2026-07-06T21:52:41.405391+00:00,0.2,opened,
paper_20260706T215238Z_6ea007ff,2026-07-06T21:52:41.405391+00:00,original_tech,QQQ,1Hour,5,AMD,2026-07-06T21:52:41.405391+00:00,2026-07-06T21:52:41.405391+00:00,0.2,opened,
paper_20260706T215238Z_6ea007ff,2026-07-06T21:52:41.405391+00:00,original_tech,QQQ,1Hour,5,AMZN,2026-07-06T21:52:41.405391+00:00,2026-07-06T21:52:41.405391+00:00,0.2,opened,
paper_20260706T215238Z_6ea007ff,2026-07-06T21:52:41.405391+00:00,original_tech,QQQ,1Hour,5,MSFT,2026-07-06T21:52:41.405391+00:00,2026-07-06T21:52:41.405391+00:00,0.2,opened,
paper_20260706T215238Z_6ea007ff,2026-07-06T21:52:41.405391+00:00,original_tech,QQQ,1Hour,5,NVDA,2026-07-06T21:52:41.405391+00:00,2026-07-06T21:52:41.405391+00:00,0.2,opened,
paper_20260706T215238Z_6ea007ff,2026-07-06T21:52:44.432405+00:00,tech_no_nvda,QQQ,1Hour,5,AAPL,2026-07-06T21:52:44.432405+00:00,2026-07-06T21:52:44.432405+00:00,0.2,opened,
paper_20260706T215238Z_6ea007ff,2026-07-06T21:52:44.432405+00:00,tech_no_nvda,QQQ,1Hour,5,AMD,2026-07-06T21:52:44.432405+00:00,2026-07-06T21:52:44.432405+00:00,0.2,opened,
paper_20260706T215238Z_6ea007ff,2026-07-06T21:52:44.432405+00:00,tech_no_nvda,QQQ,1Hour,5,AMZN,2026-07-06T21:52:44.432405+00:00,2026-07-06T21:52:44.432405+00:00,0.2,opened,
paper_20260706T215238Z_6ea007ff,2026-07-06T21:52:44.432405+00:00,tech_no_nvda,QQQ,1Hour,5,INTC,2026-07-06T21:52:44.432405+00:00,2026-07-06T21:52:44.432405+00:00,0.2,opened,
paper_20260706T215238Z_6ea007ff,2026-07-06T21:52:44.432405+00:00,tech_no_nvda,QQQ,1Hour,5,MSFT,2026-07-06T21:52:44.432405+00:00,2026-07-06T21:52:44.432405+00:00,0.2,opened,
paper_20260706T215238Z_6ea007ff,2026-07-06T21:52:47.506011+00:00,new_tech,QQQ,1Hour,5,CRWD,2026-07-06T21:52:47.506011+00:00,2026-07-06T21:52:47.506011+00:00,0.2,opened,
paper_20260706T215238Z_6ea007ff,2026-07-06T21:52:47.506011+00:00,new_tech,QQQ,1Hour,5,MU,2026-07-06T21:52:47.506011+00:00,2026-07-06T21:52:47.506011+00:00,0.2,opened,
paper_20260706T215238Z_6ea007ff,2026-07-06T21:52:47.506011+00:00,new_tech,QQQ,1Hour,5,NET,2026-07-06T21:52:47.506011+00:00,2026-07-06T21:52:47.506011+00:00,0.2,opened,
paper_20260706T215238Z_6ea007ff,2026-07-06T21:52:47.506011+00:00,new_tech,QQQ,1Hour,5,NOW,2026-07-06T21:52:47.506011+00:00,2026-07-06T21:52:47.506011+00:00,0.2,opened,
paper_20260706T215238Z_6ea007ff,2026-07-06T21:52:47.506011+00:00,new_tech,QQQ,1Hour,5,ORCL,2026-07-06T21:52:47.506011+00:00,2026-07-06T21:52:47.506011+00:00,0.2,opened,
paper_20260706T215238Z_6ea007ff,2026-07-06T21:52:50.615152+00:00,defensive_non_tech,SPY,1Hour,5,ABBV,2026-07-06T21:52:50.615152+00:00,2026-07-06T21:52:50.615152+00:00,0.2,opened,
paper_20260706T215238Z_6ea007ff,2026-07-06T21:52:50.615152+00:00,defensive_non_tech,SPY,1Hour,5,COST,2026-07-06T21:52:50.615152+00:00,2026-07-06T21:52:50.615152+00:00,0.2,opened,
paper_20260706T215238Z_6ea007ff,2026-07-06T21:52:50.615152+00:00,defensive_non_tech,SPY,1Hour,5,CVX,2026-07-06T21:52:50.615152+00:00,2026-07-06T21:52:50.615152+00:00,0.2,opened,
paper_20260706T215238Z_6ea007ff,2026-07-06T21:52:50.615152+00:00,defensive_non_tech,SPY,1Hour,5,KO,2026-07-06T21:52:50.615152+00:00,2026-07-06T21:52:50.615152+00:00,0.2,opened,
paper_20260706T215238Z_6ea007ff,2026-07-06T21:52:50.615152+00:00,defensive_non_tech,SPY,1Hour,5,WMT,2026-07-06T21:52:50.615152+00:00,2026-07-06T21:52:50.615152+00:00,0.2,opened,
paper_20260707T133016Z_59ac6cfe,2026-07-07T13:30:19.999060+00:00,original_tech,QQQ,1Hour,5,AMD,2026-07-07T13:30:19.999060+00:00,2026-07-07T13:30:19.999060+00:00,0.2,opened,f8407596-e2f8-44c8-85e1-be57ad64779e
paper_20260707T133016Z_59ac6cfe,2026-07-07T13:30:19.999060+00:00,original_tech,QQQ,1Hour,5,AMZN,2026-07-07T13:30:19.999060+00:00,2026-07-07T13:30:19.999060+00:00,0.2,opened,c574a7cb-a4d0-49a5-9b7c-01bf10c75bb2
paper_20260707T133016Z_59ac6cfe,2026-07-07T13:30:19.999060+00:00,original_tech,QQQ,1Hour,5,GOOGL,2026-07-07T13:30:19.999060+00:00,2026-07-07T13:30:19.999060+00:00,0.2,opened,d7d3c89e-0eba-4b19-99a9-e6e3eae1a22a
paper_20260707T133016Z_59ac6cfe,2026-07-07T13:30:19.999060+00:00,original_tech,QQQ,1Hour,5,INTC,2026-07-07T13:30:19.999060+00:00,2026-07-07T13:30:19.999060+00:00,0.2,opened,bc57432c-50db-49f7-9d60-3b332c05684e
paper_20260707T133016Z_59ac6cfe,2026-07-07T13:30:19.999060+00:00,original_tech,QQQ,1Hour,5,NVDA,2026-07-07T13:30:19.999060+00:00,2026-07-07T13:30:19.999060+00:00,0.2,opened,de4ca3f0-414f-40e8-934e-4e0c25f22816
paper_20260707T133016Z_59ac6cfe,2026-07-07T13:30:24.650399+00:00,tech_no_nvda,QQQ,1Hour,5,AMD,2026-07-07T13:30:24.650399+00:00,2026-07-07T13:30:24.650399+00:00,0.2,opened,879ef8b4-0990-4818-9434-3a4ea0032c60
paper_20260707T133016Z_59ac6cfe,2026-07-07T13:30:24.650399+00:00,tech_no_nvda,QQQ,1Hour,5,AMZN,2026-07-07T13:30:24.650399+00:00,2026-07-07T13:30:24.650399+00:00,0.2,opened,7a5daa39-d457-4557-86a9-6d7e839590b9
paper_20260707T133016Z_59ac6cfe,2026-07-07T13:30:24.650399+00:00,tech_no_nvda,QQQ,1Hour,5,GOOGL,2026-07-07T13:30:24.650399+00:00,2026-07-07T13:30:24.650399+00:00,0.2,opened,4da08b6a-3b3c-4eaf-8b78-eda82e98af53
paper_20260707T133016Z_59ac6cfe,2026-07-07T13:30:24.650399+00:00,tech_no_nvda,QQQ,1Hour,5,INTC,2026-07-07T13:30:24.650399+00:00,2026-07-07T13:30:24.650399+00:00,0.2,opened,844c09e7-531b-4980-8746-7650d75a0979
paper_20260707T133016Z_59ac6cfe,2026-07-07T13:30:24.650399+00:00,tech_no_nvda,QQQ,1Hour,5,MSFT,2026-07-07T13:30:24.650399+00:00,2026-07-07T13:30:24.650399+00:00,0.2,opened,2ede99c6-b566-4ae8-8e67-98f0085ed3a6
paper_20260707T133016Z_59ac6cfe,2026-07-07T13:30:28.851789+00:00,new_tech,QQQ,1Hour,5,CSCO,2026-07-07T13:30:28.851789+00:00,2026-07-07T13:30:28.851789+00:00,0.2,opened,94b9c9d6-6367-4f4b-8041-d36581598751
paper_20260707T133016Z_59ac6cfe,2026-07-07T13:30:28.851789+00:00,new_tech,QQQ,1Hour,5,DELL,2026-07-07T13:30:28.851789+00:00,2026-07-07T13:30:28.851789+00:00,0.2,opened,46a62fcf-db2c-491d-ad7a-58740c3f366f
paper_20260707T133016Z_59ac6cfe,2026-07-07T13:30:28.851789+00:00,new_tech,QQQ,1Hour,5,MU,2026-07-07T13:30:28.851789+00:00,2026-07-07T13:30:28.851789+00:00,0.2,opened,ce2c6541-4204-483a-bcc7-70b47a1c9580
paper_20260707T133016Z_59ac6cfe,2026-07-07T13:30:28.851789+00:00,new_tech,QQQ,1Hour,5,NET,2026-07-07T13:30:28.851789+00:00,2026-07-07T13:30:28.851789+00:00,0.2,opened,20edde62-79b9-43c5-b89f-574f48a9d041
paper_20260707T133016Z_59ac6cfe,2026-07-07T13:30:28.851789+00:00,new_tech,QQQ,1Hour,5,SNOW,2026-07-07T13:30:28.851789+00:00,2026-07-07T13:30:28.851789+00:00,0.2,opened,cf3944c3-32d0-4380-93cd-2454f9352030
paper_20260707T133016Z_59ac6cfe,2026-07-07T13:30:33.260283+00:00,defensive_non_tech,SPY,1Hour,5,COST,2026-07-07T13:30:33.260283+00:00,2026-07-07T13:30:33.260283+00:00,0.2,opened,48f37510-00bc-4596-b817-61573a421e7f
paper_20260707T133016Z_59ac6cfe,2026-07-07T13:30:33.260283+00:00,defensive_non_tech,SPY,1Hour,5,CVX,2026-07-07T13:30:33.260283+00:00,2026-07-07T13:30:33.260283+00:00,0.2,opened,e82f4574-7050-4026-ac14-14c31584c760
paper_20260707T133016Z_59ac6cfe,2026-07-07T13:30:33.260283+00:00,defensive_non_tech,SPY,1Hour,5,KO,2026-07-07T13:30:33.260283+00:00,2026-07-07T13:30:33.260283+00:00,0.2,opened,2eaec730-cebf-4d53-9da6-0c37a49e4f1a
paper_20260707T133016Z_59ac6cfe,2026-07-07T13:30:33.260283+00:00,defensive_non_tech,SPY,1Hour,5,MRK,2026-07-07T13:30:33.260283+00:00,2026-07-07T13:30:33.260283+00:00,0.2,opened,55e9afa7-52c5-4c3e-bd8d-d40ac0e1652b
paper_20260707T133016Z_59ac6cfe,2026-07-07T13:30:33.260283+00:00,defensive_non_tech,SPY,1Hour,5,XOM,2026-07-07T13:30:33.260283+00:00,2026-07-07T13:30:33.260283+00:00,0.2,opened,6411a0df-2e91-4e72-af79-ccd5575f4738
paper_20260707T140039Z_c081b756,2026-07-07T14:00:42.945227+00:00,original_tech,QQQ,1Hour,5,AMD,,2026-07-07T14:00:42.945227+00:00,0.2,held,
paper_20260707T140039Z_c081b756,2026-07-07T14:00:42.945227+00:00,original_tech,QQQ,1Hour,5,AMZN,,2026-07-07T14:00:42.945227+00:00,0.2,held,
paper_20260707T140039Z_c081b756,2026-07-07T14:00:42.945227+00:00,original_tech,QQQ,1Hour,5,GOOGL,,2026-07-07T14:00:42.945227+00:00,0.0,closed,5e91bf6b-3a8a-4d66-8572-fee9ea64643e
paper_20260707T140039Z_c081b756,2026-07-07T14:00:42.945227+00:00,original_tech,QQQ,1Hour,5,INTC,,2026-07-07T14:00:42.945227+00:00,0.2,held,
paper_20260707T140039Z_c081b756,2026-07-07T14:00:42.945227+00:00,original_tech,QQQ,1Hour,5,MSFT,2026-07-07T14:00:42.945227+00:00,2026-07-07T14:00:42.945227+00:00,0.2,opened,d3348998-0b42-454a-b0c3-cd0ba54b8fc0
paper_20260707T140039Z_c081b756,2026-07-07T14:00:42.945227+00:00,original_tech,QQQ,1Hour,5,NVDA,,2026-07-07T14:00:42.945227+00:00,0.2,held,
paper_20260707T140149Z_2cafa45b,2026-07-07T14:01:52.809989+00:00,original_tech,QQQ,1Hour,5,AMD,,2026-07-07T14:01:52.809989+00:00,0.2,held,
paper_20260707T140149Z_2cafa45b,2026-07-07T14:01:52.809989+00:00,original_tech,QQQ,1Hour,5,AMZN,,2026-07-07T14:01:52.809989+00:00,0.2,held,
paper_20260707T140149Z_2cafa45b,2026-07-07T14:01:52.809989+00:00,original_tech,QQQ,1Hour,5,INTC,,2026-07-07T14:01:52.809989+00:00,0.2,held,
paper_20260707T140149Z_2cafa45b,2026-07-07T14:01:52.809989+00:00,original_tech,QQQ,1Hour,5,MSFT,,2026-07-07T14:01:52.809989+00:00,0.2,held,
paper_20260707T140149Z_2cafa45b,2026-07-07T14:01:52.809989+00:00,original_tech,QQQ,1Hour,5,NVDA,,2026-07-07T14:01:52.809989+00:00,0.2,held,
paper_20260707T140149Z_2cafa45b,2026-07-07T14:01:52.809989+00:00,original_tech,QQQ,1Hour,5,TSLA,,2026-07-07T14:01:52.809989+00:00,0.0,closed,e539eec3-3183-4080-8ce3-042982c9a504
paper_20260707T140259Z_a49b9be1,2026-07-07T14:03:02.075444+00:00,original_tech,QQQ,1Hour,5,AMD,,2026-07-07T14:03:02.075444+00:00,0.2,held,
paper_20260707T140259Z_a49b9be1,2026-07-07T14:03:02.075444+00:00,original_tech,QQQ,1Hour,5,AMZN,,2026-07-07T14:03:02.075444+00:00,0.2,held,
paper_20260707T140259Z_a49b9be1,2026-07-07T14:03:02.075444+00:00,original_tech,QQQ,1Hour,5,INTC,,2026-07-07T14:03:02.075444+00:00,0.2,held,
paper_20260707T140259Z_a49b9be1,2026-07-07T14:03:02.075444+00:00,original_tech,QQQ,1Hour,5,MSFT,2026-07-07T14:03:02.075444+00:00,2026-07-07T14:03:02.075444+00:00,0.2,opened,476349a6-f882-4d7b-8ad9-94ec025dc794
paper_20260707T140259Z_a49b9be1,2026-07-07T14:03:02.075444+00:00,original_tech,QQQ,1Hour,5,NVDA,,2026-07-07T14:03:02.075444+00:00,0.2,held,
paper_20260707T140259Z_a49b9be1,2026-07-07T14:03:05.581205+00:00,tech_no_nvda,QQQ,1Hour,5,AMD,,2026-07-07T14:03:05.581205+00:00,0.2,held,
paper_20260707T140259Z_a49b9be1,2026-07-07T14:03:05.581205+00:00,tech_no_nvda,QQQ,1Hour,5,AMZN,,2026-07-07T14:03:05.581205+00:00,0.2,held,
paper_20260707T140259Z_a49b9be1,2026-07-07T14:03:05.581205+00:00,tech_no_nvda,QQQ,1Hour,5,INTC,,2026-07-07T14:03:05.581205+00:00,0.2,held,
paper_20260707T140259Z_a49b9be1,2026-07-07T14:03:05.581205+00:00,tech_no_nvda,QQQ,1Hour,5,MSFT,,2026-07-07T14:03:05.581205+00:00,0.2,held,
paper_20260707T140259Z_a49b9be1,2026-07-07T14:03:05.581205+00:00,tech_no_nvda,QQQ,1Hour,5,TSLA,2026-07-07T14:03:05.581205+00:00,2026-07-07T14:03:05.581205+00:00,0.2,opened,a23e9587-a45b-4b0c-8346-fe4fbbb96401
paper_20260707T140259Z_a49b9be1,2026-07-07T14:03:09.651316+00:00,new_tech,QQQ,1Hour,5,CRWD,2026-07-07T14:03:09.651316+00:00,2026-07-07T14:03:09.651316+00:00,0.2,opened,87652f60-0849-4c3e-91a9-9bc05fff6877
paper_20260707T140259Z_a49b9be1,2026-07-07T14:03:09.651316+00:00,new_tech,QQQ,1Hour,5,CSCO,,2026-07-07T14:03:09.651316+00:00,0.2,held,
paper_20260707T140259Z_a49b9be1,2026-07-07T14:03:09.651316+00:00,new_tech,QQQ,1Hour,5,DELL,,2026-07-07T14:03:09.651316+00:00,0.0,closed,c16fd479-53e1-4442-8224-d8d3b2a7240d
paper_20260707T140259Z_a49b9be1,2026-07-07T14:03:09.651316+00:00,new_tech,QQQ,1Hour,5,MU,,2026-07-07T14:03:09.651316+00:00,0.2,held,
paper_20260707T140259Z_a49b9be1,2026-07-07T14:03:09.651316+00:00,new_tech,QQQ,1Hour,5,NET,2026-07-07T14:03:09.651316+00:00,2026-07-07T14:03:09.651316+00:00,0.2,opened,c249c420-bb2a-4ccd-b4df-d2c56098a9c8
paper_20260707T140259Z_a49b9be1,2026-07-07T14:03:09.651316+00:00,new_tech,QQQ,1Hour,5,SMCI,2026-07-07T14:03:09.651316+00:00,2026-07-07T14:03:09.651316+00:00,0.2,opened,cb27e9f0-0c2d-46ea-a0f0-7ecc2f994cdb
paper_20260707T140259Z_a49b9be1,2026-07-07T14:03:09.651316+00:00,new_tech,QQQ,1Hour,5,SNOW,,2026-07-07T14:03:09.651316+00:00,0.0,closed,a18938fd-63d9-4ae5-a1b5-2a4ce9300fc5
paper_20260707T140259Z_a49b9be1,2026-07-07T14:03:13.500093+00:00,defensive_non_tech,SPY,1Hour,5,COST,,2026-07-07T14:03:13.500093+00:00,0.0,closed,575476d8-bcfd-4921-8b67-552b7981c974
paper_20260707T140259Z_a49b9be1,2026-07-07T14:03:13.500093+00:00,defensive_non_tech,SPY,1Hour,5,CVX,2026-07-07T14:03:13.500093+00:00,2026-07-07T14:03:13.500093+00:00,0.2,opened,fa15f5b1-5efa-4902-b328-32cc59cf780d
paper_20260707T140259Z_a49b9be1,2026-07-07T14:03:13.500093+00:00,defensive_non_tech,SPY,1Hour,5,KO,,2026-07-07T14:03:13.500093+00:00,0.2,held,
paper_20260707T140259Z_a49b9be1,2026-07-07T14:03:13.500093+00:00,defensive_non_tech,SPY,1Hour,5,MRK,2026-07-07T14:03:13.500093+00:00,2026-07-07T14:03:13.500093+00:00,0.2,opened,f5942ea2-6afc-4a12-8e20-325528842562
paper_20260707T140259Z_a49b9be1,2026-07-07T14:03:13.500093+00:00,defensive_non_tech,SPY,1Hour,5,WMT,2026-07-07T14:03:13.500093+00:00,2026-07-07T14:03:13.500093+00:00,0.2,opened,2b72618c-01d1-4b02-ab03-d329266adf28
paper_20260707T140259Z_a49b9be1,2026-07-07T14:03:13.500093+00:00,defensive_non_tech,SPY,1Hour,5,XOM,,2026-07-07T14:03:13.500093+00:00,0.2,held,
paper_20260707T150023Z_748ae2bb,2026-07-07T15:00:31.871339+00:00,original_tech,QQQ,1Hour,5,AMD,,2026-07-07T15:00:31.871339+00:00,0.0,closed,2261d8b6-6946-4b18-b7c4-2bcad0cec715
paper_20260707T150023Z_748ae2bb,2026-07-07T15:00:31.871339+00:00,original_tech,QQQ,1Hour,5,AMZN,,2026-07-07T15:00:31.871339+00:00,0.2,held,
paper_20260707T150023Z_748ae2bb,2026-07-07T15:00:31.871339+00:00,original_tech,QQQ,1Hour,5,GOOGL,2026-07-07T15:00:31.871339+00:00,2026-07-07T15:00:31.871339+00:00,0.2,opened,96cf98d3-0e01-4817-9c1f-a108dec73313
paper_20260707T150023Z_748ae2bb,2026-07-07T15:00:31.871339+00:00,original_tech,QQQ,1Hour,5,INTC,,2026-07-07T15:00:31.871339+00:00,0.0,closed,a80efde4-983d-4e51-91ac-0a7361ebf218
paper_20260707T150023Z_748ae2bb,2026-07-07T15:00:31.871339+00:00,original_tech,QQQ,1Hour,5,META,2026-07-07T15:00:31.871339+00:00,2026-07-07T15:00:31.871339+00:00,0.2,opened,5e2ead51-5c95-40e7-8ed5-2d990c0ae4a8
paper_20260707T150023Z_748ae2bb,2026-07-07T15:00:31.871339+00:00,original_tech,QQQ,1Hour,5,MSFT,,2026-07-07T15:00:31.871339+00:00,0.0,closed,6f6340a5-5bd5-48be-931c-4b6217b406f3
paper_20260707T150023Z_748ae2bb,2026-07-07T15:00:31.871339+00:00,original_tech,QQQ,1Hour,5,NVDA,,2026-07-07T15:00:31.871339+00:00,0.2,held,
paper_20260707T150023Z_748ae2bb,2026-07-07T15:00:31.871339+00:00,original_tech,QQQ,1Hour,5,TSLA,2026-07-07T15:00:31.871339+00:00,2026-07-07T15:00:31.871339+00:00,0.2,opened,ca2f6478-297c-49bb-91e3-ced7a99e7fd4
paper_20260707T150023Z_748ae2bb,2026-07-07T15:00:35.874128+00:00,tech_no_nvda,QQQ,1Hour,5,AMZN,,2026-07-07T15:00:35.874128+00:00,0.2,held,
paper_20260707T150023Z_748ae2bb,2026-07-07T15:00:35.874128+00:00,tech_no_nvda,QQQ,1Hour,5,GOOGL,2026-07-07T15:00:35.874128+00:00,2026-07-07T15:00:35.874128+00:00,0.2,opened,3667215f-a28d-4c8a-8e53-b589bb0795de
paper_20260707T150023Z_748ae2bb,2026-07-07T15:00:35.874128+00:00,tech_no_nvda,QQQ,1Hour,5,INTC,2026-07-07T15:00:35.874128+00:00,2026-07-07T15:00:35.874128+00:00,0.2,opened,b8610e1c-a3d5-4298-a4d6-d617aaf31714
paper_20260707T150023Z_748ae2bb,2026-07-07T15:00:35.874128+00:00,tech_no_nvda,QQQ,1Hour,5,META,,2026-07-07T15:00:35.874128+00:00,0.2,held,
paper_20260707T150023Z_748ae2bb,2026-07-07T15:00:35.874128+00:00,tech_no_nvda,QQQ,1Hour,5,TSLA,2026-07-07T15:00:35.874128+00:00,2026-07-07T15:00:35.874128+00:00,0.2,opened,cdaa84cf-2dae-44fa-83b0-ec2fb721bcef
paper_20260707T150023Z_748ae2bb,2026-07-07T15:00:39.737119+00:00,new_tech,QQQ,1Hour,5,CRWD,,2026-07-07T15:00:39.737119+00:00,0.2,held,
paper_20260707T150023Z_748ae2bb,2026-07-07T15:00:39.737119+00:00,new_tech,QQQ,1Hour,5,CSCO,2026-07-07T15:00:39.737119+00:00,2026-07-07T15:00:39.737119+00:00,0.2,opened,a0905aaf-1882-4636-919d-15fb3d35babb
paper_20260707T150023Z_748ae2bb,2026-07-07T15:00:39.737119+00:00,new_tech,QQQ,1Hour,5,DELL,2026-07-07T15:00:39.737119+00:00,2026-07-07T15:00:39.737119+00:00,0.2,opened,1e947388-f37f-4c96-94ee-0b148b925673
paper_20260707T150023Z_748ae2bb,2026-07-07T15:00:39.737119+00:00,new_tech,QQQ,1Hour,5,MU,,2026-07-07T15:00:39.737119+00:00,0.2,held,
paper_20260707T150023Z_748ae2bb,2026-07-07T15:00:39.737119+00:00,new_tech,QQQ,1Hour,5,NET,,2026-07-07T15:00:39.737119+00:00,0.2,held,
paper_20260707T150023Z_748ae2bb,2026-07-07T15:00:39.737119+00:00,new_tech,QQQ,1Hour,5,SMCI,,2026-07-07T15:00:39.737119+00:00,0.0,closed,d917ceaa-fa52-40b0-97d5-cb93d024f23a
paper_20260707T150023Z_748ae2bb,2026-07-07T15:00:43.742322+00:00,defensive_non_tech,SPY,1Hour,5,ABBV,2026-07-07T15:00:43.742322+00:00,2026-07-07T15:00:43.742322+00:00,0.2,opened,ce20e647-6a3e-46d5-9b3a-6de0929ac546
paper_20260707T150023Z_748ae2bb,2026-07-07T15:00:43.742322+00:00,defensive_non_tech,SPY,1Hour,5,COST,2026-07-07T15:00:43.742322+00:00,2026-07-07T15:00:43.742322+00:00,0.2,opened,6294c1b1-026e-4cab-8f79-b62c9b6efca2
paper_20260707T150023Z_748ae2bb,2026-07-07T15:00:43.742322+00:00,defensive_non_tech,SPY,1Hour,5,CVX,,2026-07-07T15:00:43.742322+00:00,0.0,closed,9469eab5-f8dc-40b8-906f-d7f13986ba49
paper_20260707T150023Z_748ae2bb,2026-07-07T15:00:43.742322+00:00,defensive_non_tech,SPY,1Hour,5,KO,,2026-07-07T15:00:43.742322+00:00,0.2,held,
paper_20260707T150023Z_748ae2bb,2026-07-07T15:00:43.742322+00:00,defensive_non_tech,SPY,1Hour,5,MRK,,2026-07-07T15:00:43.742322+00:00,0.2,held,
paper_20260707T150023Z_748ae2bb,2026-07-07T15:00:43.742322+00:00,defensive_non_tech,SPY,1Hour,5,WMT,,2026-07-07T15:00:43.742322+00:00,0.0,closed,a92f44f4-100e-49f9-aa17-bc6163ae48f8
paper_20260707T150023Z_748ae2bb,2026-07-07T15:00:43.742322+00:00,defensive_non_tech,SPY,1Hour,5,XOM,,2026-07-07T15:00:43.742322+00:00,0.2,held,
paper_20260707T160050Z_1b2906eb,2026-07-07T16:00:53.824143+00:00,original_tech,QQQ,1Hour,5,AMZN,,2026-07-07T16:00:53.824143+00:00,0.2,held,
paper_20260707T160050Z_1b2906eb,2026-07-07T16:00:53.824143+00:00,original_tech,QQQ,1Hour,5,GOOGL,,2026-07-07T16:00:53.824143+00:00,0.2,held,
paper_20260707T160050Z_1b2906eb,2026-07-07T16:00:53.824143+00:00,original_tech,QQQ,1Hour,5,INTC,,2026-07-07T16:00:53.824143+00:00,0.0,closed,2f0eaaf5-4582-4c63-ba28-de1508437a28
paper_20260707T160050Z_1b2906eb,2026-07-07T16:00:53.824143+00:00,original_tech,QQQ,1Hour,5,META,2026-07-07T16:00:53.824143+00:00,2026-07-07T16:00:53.824143+00:00,0.2,opened,4fc59a39-a8f3-45f6-a3aa-3a98a1e64158
paper_20260707T160050Z_1b2906eb,2026-07-07T16:00:53.824143+00:00,original_tech,QQQ,1Hour,5,NVDA,,2026-07-07T16:00:53.824143+00:00,0.2,held,
paper_20260707T160050Z_1b2906eb,2026-07-07T16:00:53.824143+00:00,original_tech,QQQ,1Hour,5,TSLA,2026-07-07T16:00:53.824143+00:00,2026-07-07T16:00:53.824143+00:00,0.2,opened,215cb350-3709-46fe-9943-caaea139bd7d
paper_20260707T160050Z_1b2906eb,2026-07-07T16:00:57.577186+00:00,tech_no_nvda,QQQ,1Hour,5,AMZN,,2026-07-07T16:00:57.577186+00:00,0.2,held,
paper_20260707T160050Z_1b2906eb,2026-07-07T16:00:57.577186+00:00,tech_no_nvda,QQQ,1Hour,5,GOOGL,,2026-07-07T16:00:57.577186+00:00,0.2,held,
paper_20260707T160050Z_1b2906eb,2026-07-07T16:00:57.577186+00:00,tech_no_nvda,QQQ,1Hour,5,META,,2026-07-07T16:00:57.577186+00:00,0.2,held,
paper_20260707T160050Z_1b2906eb,2026-07-07T16:00:57.577186+00:00,tech_no_nvda,QQQ,1Hour,5,MSFT,2026-07-07T16:00:57.577186+00:00,2026-07-07T16:00:57.577186+00:00,0.2,opened,6f0a2698-55db-4679-88b0-f3c466884054
paper_20260707T160050Z_1b2906eb,2026-07-07T16:00:57.577186+00:00,tech_no_nvda,QQQ,1Hour,5,TSLA,,2026-07-07T16:00:57.577186+00:00,0.2,held,
paper_20260707T160050Z_1b2906eb,2026-07-07T16:01:01.202888+00:00,new_tech,QQQ,1Hour,5,CRWD,,2026-07-07T16:01:01.202888+00:00,0.2,held,
paper_20260707T160050Z_1b2906eb,2026-07-07T16:01:01.202888+00:00,new_tech,QQQ,1Hour,5,CSCO,,2026-07-07T16:01:01.202888+00:00,0.2,held,
paper_20260707T160050Z_1b2906eb,2026-07-07T16:01:01.202888+00:00,new_tech,QQQ,1Hour,5,DELL,,2026-07-07T16:01:01.202888+00:00,0.2,held,
paper_20260707T160050Z_1b2906eb,2026-07-07T16:01:01.202888+00:00,new_tech,QQQ,1Hour,5,MU,,2026-07-07T16:01:01.202888+00:00,0.2,held,
paper_20260707T160050Z_1b2906eb,2026-07-07T16:01:01.202888+00:00,new_tech,QQQ,1Hour,5,NET,,2026-07-07T16:01:01.202888+00:00,0.2,held,
paper_20260707T160050Z_1b2906eb,2026-07-07T16:01:05.489279+00:00,defensive_non_tech,SPY,1Hour,5,ABBV,,2026-07-07T16:01:05.489279+00:00,0.0,closed,7c0e6b9d-32c8-4df6-baf9-4c61f934085e
paper_20260707T160050Z_1b2906eb,2026-07-07T16:01:05.489279+00:00,defensive_non_tech,SPY,1Hour,5,COST,2026-07-07T16:01:05.489279+00:00,2026-07-07T16:01:05.489279+00:00,0.2,opened,e502035e-3c24-4173-b27b-7396a1b2fb6f
paper_20260707T160050Z_1b2906eb,2026-07-07T16:01:05.489279+00:00,defensive_non_tech,SPY,1Hour,5,KO,,2026-07-07T16:01:05.489279+00:00,0.2,held,
paper_20260707T160050Z_1b2906eb,2026-07-07T16:01:05.489279+00:00,defensive_non_tech,SPY,1Hour,5,MRK,,2026-07-07T16:01:05.489279+00:00,0.0,closed,cd6ae8f8-3f2c-467f-9ad9-c93571ffe5d5
paper_20260707T160050Z_1b2906eb,2026-07-07T16:01:05.489279+00:00,defensive_non_tech,SPY,1Hour,5,PEP,2026-07-07T16:01:05.489279+00:00,2026-07-07T16:01:05.489279+00:00,0.2,opened,389022b8-13f8-4580-9785-1041c0e0e2ee
paper_20260707T160050Z_1b2906eb,2026-07-07T16:01:05.489279+00:00,defensive_non_tech,SPY,1Hour,5,PG,2026-07-07T16:01:05.489279+00:00,2026-07-07T16:01:05.489279+00:00,0.2,opened,c100bdb6-7085-4ac5-af5d-479b3ab1db83
paper_20260707T160050Z_1b2906eb,2026-07-07T16:01:05.489279+00:00,defensive_non_tech,SPY,1Hour,5,WMT,2026-07-07T16:01:05.489279+00:00,2026-07-07T16:01:05.489279+00:00,0.2,opened,aa01d848-4156-4693-8b7f-31bde302e4d7
paper_20260707T160050Z_1b2906eb,2026-07-07T16:01:05.489279+00:00,defensive_non_tech,SPY,1Hour,5,XOM,,2026-07-07T16:01:05.489279+00:00,0.0,closed,fda6eceb-13be-43c9-8865-a75828438e5d
paper_20260707T170012Z_dd6055c6,2026-07-07T17:00:15.667597+00:00,original_tech,QQQ,1Hour,5,ADBE,2026-07-07T17:00:15.667597+00:00,2026-07-07T17:00:15.667597+00:00,0.2,opened,632e2f77-5865-40bc-9e04-63e4a5dde5cc
paper_20260707T170012Z_dd6055c6,2026-07-07T17:00:15.667597+00:00,original_tech,QQQ,1Hour,5,AMZN,,2026-07-07T17:00:15.667597+00:00,0.2,held,
paper_20260707T170012Z_dd6055c6,2026-07-07T17:00:15.667597+00:00,original_tech,QQQ,1Hour,5,GOOGL,,2026-07-07T17:00:15.667597+00:00,0.2,held,
paper_20260707T170012Z_dd6055c6,2026-07-07T17:00:15.667597+00:00,original_tech,QQQ,1Hour,5,META,2026-07-07T17:00:15.667597+00:00,2026-07-07T17:00:15.667597+00:00,0.2,opened,fd273de7-a12f-4355-b0aa-147beb358bbc
paper_20260707T170012Z_dd6055c6,2026-07-07T17:00:15.667597+00:00,original_tech,QQQ,1Hour,5,MSFT,2026-07-07T17:00:15.667597+00:00,2026-07-07T17:00:15.667597+00:00,0.2,opened,8d1f6f9b-b549-48f0-a94f-c5f64c7c8750
paper_20260707T170012Z_dd6055c6,2026-07-07T17:00:15.667597+00:00,original_tech,QQQ,1Hour,5,NVDA,,2026-07-07T17:00:15.667597+00:00,0.0,closed,43098e2a-6361-420d-9993-61805f66de5d
paper_20260707T170012Z_dd6055c6,2026-07-07T17:00:15.667597+00:00,original_tech,QQQ,1Hour,5,TSLA,,2026-07-07T17:00:15.667597+00:00,0.0,closed,fcadb3d7-218a-48e6-8e80-551287a4b0d1
paper_20260707T170012Z_dd6055c6,2026-07-07T17:00:19.445307+00:00,tech_no_nvda,QQQ,1Hour,5,ADBE,2026-07-07T17:00:19.445307+00:00,2026-07-07T17:00:19.445307+00:00,0.2,opened,13c01bb7-6b85-4727-b406-172893b9e7ba
paper_20260707T170012Z_dd6055c6,2026-07-07T17:00:19.445307+00:00,tech_no_nvda,QQQ,1Hour,5,AMZN,,2026-07-07T17:00:19.445307+00:00,0.2,held,
paper_20260707T170012Z_dd6055c6,2026-07-07T17:00:19.445307+00:00,tech_no_nvda,QQQ,1Hour,5,GOOGL,,2026-07-07T17:00:19.445307+00:00,0.2,held,
paper_20260707T170012Z_dd6055c6,2026-07-07T17:00:19.445307+00:00,tech_no_nvda,QQQ,1Hour,5,META,2026-07-07T17:00:19.445307+00:00,2026-07-07T17:00:19.445307+00:00,0.2,opened,302664bd-7165-4e1e-abe0-a4839f88a0d1
paper_20260707T170012Z_dd6055c6,2026-07-07T17:00:19.445307+00:00,tech_no_nvda,QQQ,1Hour,5,MSFT,2026-07-07T17:00:19.445307+00:00,2026-07-07T17:00:19.445307+00:00,0.2,opened,182a249c-626b-4bfa-81dc-8d1a3850020e
paper_20260707T170012Z_dd6055c6,2026-07-07T17:00:23.565241+00:00,new_tech,QQQ,1Hour,5,CRWD,,2026-07-07T17:00:23.565241+00:00,0.2,held,
paper_20260707T170012Z_dd6055c6,2026-07-07T17:00:23.565241+00:00,new_tech,QQQ,1Hour,5,CSCO,2026-07-07T17:00:23.565241+00:00,2026-07-07T17:00:23.565241+00:00,0.2,opened,275fb5b9-5d33-4929-bf66-a81c8b1f5ba1
paper_20260707T170012Z_dd6055c6,2026-07-07T17:00:23.565241+00:00,new_tech,QQQ,1Hour,5,DELL,,2026-07-07T17:00:23.565241+00:00,0.0,closed,ec263904-cbcd-4bf6-bbc4-caddc28bc5ca
paper_20260707T170012Z_dd6055c6,2026-07-07T17:00:23.565241+00:00,new_tech,QQQ,1Hour,5,MU,,2026-07-07T17:00:23.565241+00:00,0.2,held,
paper_20260707T170012Z_dd6055c6,2026-07-07T17:00:23.565241+00:00,new_tech,QQQ,1Hour,5,NET,,2026-07-07T17:00:23.565241+00:00,0.2,held,
paper_20260707T170012Z_dd6055c6,2026-07-07T17:00:23.565241+00:00,new_tech,QQQ,1Hour,5,SNOW,2026-07-07T17:00:23.565241+00:00,2026-07-07T17:00:23.565241+00:00,0.2,opened,d162fa2b-e7f4-45ab-971e-3a6a4542591a
paper_20260707T170012Z_dd6055c6,2026-07-07T17:00:27.880318+00:00,defensive_non_tech,SPY,1Hour,5,ABBV,2026-07-07T17:00:27.880318+00:00,2026-07-07T17:00:27.880318+00:00,0.2,opened,417aa540-4da3-4c51-bc49-28eaee2bf9be
paper_20260707T170012Z_dd6055c6,2026-07-07T17:00:27.880318+00:00,defensive_non_tech,SPY,1Hour,5,COST,,2026-07-07T17:00:27.880318+00:00,0.0,closed,261442f9-f0ee-40a8-9f4e-ca1774027df9
paper_20260707T170012Z_dd6055c6,2026-07-07T17:00:27.880318+00:00,defensive_non_tech,SPY,1Hour,5,KO,2026-07-07T17:00:27.880318+00:00,2026-07-07T17:00:27.880318+00:00,0.2,opened,2d63c207-49cd-4df9-a218-9a6cc9a51b49
paper_20260707T170012Z_dd6055c6,2026-07-07T17:00:27.880318+00:00,defensive_non_tech,SPY,1Hour,5,PEP,2026-07-07T17:00:27.880318+00:00,2026-07-07T17:00:27.880318+00:00,0.2,opened,1f811d22-9dd6-4f36-a122-5303a2940ab3
paper_20260707T170012Z_dd6055c6,2026-07-07T17:00:27.880318+00:00,defensive_non_tech,SPY,1Hour,5,PG,2026-07-07T17:00:27.880318+00:00,2026-07-07T17:00:27.880318+00:00,0.2,opened,bc2a4ece-d8be-45ce-8cf4-4eafd39e7688
paper_20260707T170012Z_dd6055c6,2026-07-07T17:00:27.880318+00:00,defensive_non_tech,SPY,1Hour,5,WMT,,2026-07-07T17:00:27.880318+00:00,0.0,closed,8e1f2f45-9826-4810-b40a-46c6ece4936d
paper_20260707T170012Z_dd6055c6,2026-07-07T17:00:27.880318+00:00,defensive_non_tech,SPY,1Hour,5,XOM,2026-07-07T17:00:27.880318+00:00,2026-07-07T17:00:27.880318+00:00,0.2,opened,e8a07c43-4457-4788-8aef-bd63cb1ea813
paper_20260707T180034Z_7dba8264,2026-07-07T18:00:38.876198+00:00,original_tech,QQQ,1Hour,5,AAPL,2026-07-07T18:00:38.876198+00:00,2026-07-07T18:00:38.876198+00:00,0.2,opened,e990f48f-4d74-4470-8800-4f6426077081
paper_20260707T180034Z_7dba8264,2026-07-07T18:00:38.876198+00:00,original_tech,QQQ,1Hour,5,ADBE,2026-07-07T18:00:38.876198+00:00,2026-07-07T18:00:38.876198+00:00,0.2,opened,b0a5322a-fa7e-41a5-8667-119c758b0f8f
paper_20260707T180034Z_7dba8264,2026-07-07T18:00:38.876198+00:00,original_tech,QQQ,1Hour,5,AMD,2026-07-07T18:00:38.876198+00:00,2026-07-07T18:00:38.876198+00:00,0.2,opened,2853c321-8e73-42ee-9f43-db0024916d9b
paper_20260707T180034Z_7dba8264,2026-07-07T18:00:38.876198+00:00,original_tech,QQQ,1Hour,5,AMZN,,2026-07-07T18:00:38.876198+00:00,0.0,closed,c426671b-29a1-41fb-9f58-98ad457bc7fa
paper_20260707T180034Z_7dba8264,2026-07-07T18:00:38.876198+00:00,original_tech,QQQ,1Hour,5,GOOGL,,2026-07-07T18:00:38.876198+00:00,0.0,closed,2212fb6a-f495-4005-84d6-0f141a69e633
paper_20260707T180034Z_7dba8264,2026-07-07T18:00:38.876198+00:00,original_tech,QQQ,1Hour,5,INTC,2026-07-07T18:00:38.876198+00:00,2026-07-07T18:00:38.876198+00:00,0.2,opened,a4bc3f87-c32b-48c9-881c-37c15cc84921
paper_20260707T180034Z_7dba8264,2026-07-07T18:00:38.876198+00:00,original_tech,QQQ,1Hour,5,META,,2026-07-07T18:00:38.876198+00:00,0.0,closed,1dd4acc1-3c51-4cf4-856f-5e9eab3f0f26
paper_20260707T180034Z_7dba8264,2026-07-07T18:00:38.876198+00:00,original_tech,QQQ,1Hour,5,MSFT,2026-07-07T18:00:38.876198+00:00,2026-07-07T18:00:38.876198+00:00,0.2,opened,24111ba2-95fe-4228-9060-f6f05084db4b
paper_20260707T180034Z_7dba8264,2026-07-07T18:00:43.282654+00:00,tech_no_nvda,QQQ,1Hour,5,AAPL,,2026-07-07T18:00:43.282654+00:00,0.2,held,
paper_20260707T180034Z_7dba8264,2026-07-07T18:00:43.282654+00:00,tech_no_nvda,QQQ,1Hour,5,ADBE,,2026-07-07T18:00:43.282654+00:00,0.2,held,
paper_20260707T180034Z_7dba8264,2026-07-07T18:00:43.282654+00:00,tech_no_nvda,QQQ,1Hour,5,AMD,2026-07-07T18:00:43.282654+00:00,2026-07-07T18:00:43.282654+00:00,0.2,opened,2289ff76-c10f-4fef-8d84-550346107c3b
paper_20260707T180034Z_7dba8264,2026-07-07T18:00:43.282654+00:00,tech_no_nvda,QQQ,1Hour,5,INTC,,2026-07-07T18:00:43.282654+00:00,0.2,held,
paper_20260707T180034Z_7dba8264,2026-07-07T18:00:43.282654+00:00,tech_no_nvda,QQQ,1Hour,5,MSFT,,2026-07-07T18:00:43.282654+00:00,0.2,held,
paper_20260707T180034Z_7dba8264,2026-07-07T18:00:47.401136+00:00,new_tech,QQQ,1Hour,5,CRWD,,2026-07-07T18:00:47.401136+00:00,0.0,closed,2dcb2d5d-b7e8-4a26-a752-8000e6bbb664
paper_20260707T180034Z_7dba8264,2026-07-07T18:00:47.401136+00:00,new_tech,QQQ,1Hour,5,CSCO,2026-07-07T18:00:47.401136+00:00,2026-07-07T18:00:47.401136+00:00,0.2,opened,144fd62a-286f-4674-aaa0-9a8d4c6f8103
paper_20260707T180034Z_7dba8264,2026-07-07T18:00:47.401136+00:00,new_tech,QQQ,1Hour,5,MU,,2026-07-07T18:00:47.401136+00:00,0.2,held,
paper_20260707T180034Z_7dba8264,2026-07-07T18:00:47.401136+00:00,new_tech,QQQ,1Hour,5,NET,,2026-07-07T18:00:47.401136+00:00,0.0,closed,227c0219-4dc4-4702-abeb-203294ed5784
paper_20260707T180034Z_7dba8264,2026-07-07T18:00:47.401136+00:00,new_tech,QQQ,1Hour,5,ORCL,2026-07-07T18:00:47.401136+00:00,2026-07-07T18:00:47.401136+00:00,0.2,opened,ac7e3e41-36f3-4ccd-b247-73eb978a5dff
paper_20260707T180034Z_7dba8264,2026-07-07T18:00:47.401136+00:00,new_tech,QQQ,1Hour,5,SMCI,2026-07-07T18:00:47.401136+00:00,2026-07-07T18:00:47.401136+00:00,0.2,opened,2636dc16-b14f-4695-91b3-5a592b174463
paper_20260707T180034Z_7dba8264,2026-07-07T18:00:47.401136+00:00,new_tech,QQQ,1Hour,5,SNOW,2026-07-07T18:00:47.401136+00:00,2026-07-07T18:00:47.401136+00:00,0.2,opened,a97dd1ec-4416-41b3-84c5-a4dd275fcd2a
paper_20260707T180034Z_7dba8264,2026-07-07T18:00:51.851933+00:00,defensive_non_tech,SPY,1Hour,5,ABBV,,2026-07-07T18:00:51.851933+00:00,0.0,closed,afd5a3dc-48bb-4f7f-836f-80e2af40d8ad
paper_20260707T180034Z_7dba8264,2026-07-07T18:00:51.851933+00:00,defensive_non_tech,SPY,1Hour,5,COST,2026-07-07T18:00:51.851933+00:00,2026-07-07T18:00:51.851933+00:00,0.2,opened,b8ed559d-343d-4121-bc4a-46739e36db87
paper_20260707T180034Z_7dba8264,2026-07-07T18:00:51.851933+00:00,defensive_non_tech,SPY,1Hour,5,JNJ,2026-07-07T18:00:51.851933+00:00,2026-07-07T18:00:51.851933+00:00,0.2,opened,c3821a0d-e93f-45a4-9516-3473c0facc7e
paper_20260707T180034Z_7dba8264,2026-07-07T18:00:51.851933+00:00,defensive_non_tech,SPY,1Hour,5,KO,2026-07-07T18:00:51.851933+00:00,2026-07-07T18:00:51.851933+00:00,0.2,opened,2e49609b-cdfb-4ae6-9298-fd00090fda02
paper_20260707T180034Z_7dba8264,2026-07-07T18:00:51.851933+00:00,defensive_non_tech,SPY,1Hour,5,MRK,2026-07-07T18:00:51.851933+00:00,2026-07-07T18:00:51.851933+00:00,0.2,opened,29974455-72cc-4aec-a46a-23fdbdec992d
paper_20260707T180034Z_7dba8264,2026-07-07T18:00:51.851933+00:00,defensive_non_tech,SPY,1Hour,5,PEP,,2026-07-07T18:00:51.851933+00:00,0.0,closed,a95d5faa-651a-4770-8d75-672a651e6d29
paper_20260707T180034Z_7dba8264,2026-07-07T18:00:51.851933+00:00,defensive_non_tech,SPY,1Hour,5,PG,2026-07-07T18:00:51.851933+00:00,2026-07-07T18:00:51.851933+00:00,0.2,opened,c0c0af50-3cf2-4b75-b244-cfff15e1b98e
paper_20260707T180034Z_7dba8264,2026-07-07T18:00:51.851933+00:00,defensive_non_tech,SPY,1Hour,5,XOM,,2026-07-07T18:00:51.851933+00:00,0.0,closed,c713ffee-f53e-41db-8dd5-f11684bc360b
paper_20260707T190058Z_642babcf,2026-07-07T19:01:04.457103+00:00,original_tech,QQQ,1Hour,5,AAPL,,2026-07-07T19:01:04.457103+00:00,0.0,closed,27a85f7f-4f0a-482f-9022-42247b97413a
paper_20260707T190058Z_642babcf,2026-07-07T19:01:04.457103+00:00,original_tech,QQQ,1Hour,5,ADBE,,2026-07-07T19:01:04.457103+00:00,0.0,closed,da737a5e-0061-4024-bfe8-d406d9df3ba3
paper_20260707T190058Z_642babcf,2026-07-07T19:01:04.457103+00:00,original_tech,QQQ,1Hour,5,AMD,2026-07-07T19:01:04.457103+00:00,2026-07-07T19:01:04.457103+00:00,0.2,opened,43cbe349-98ea-4719-9485-4153a03de214
paper_20260707T190058Z_642babcf,2026-07-07T19:01:04.457103+00:00,original_tech,QQQ,1Hour,5,INTC,2026-07-07T19:01:04.457103+00:00,2026-07-07T19:01:04.457103+00:00,0.2,opened,da58deb1-882e-4363-b8df-3941ddd08e79
paper_20260707T190058Z_642babcf,2026-07-07T19:01:04.457103+00:00,original_tech,QQQ,1Hour,5,MSFT,2026-07-07T19:01:04.457103+00:00,2026-07-07T19:01:04.457103+00:00,0.2,opened,e936bfe0-1cf1-4e7d-9531-1156bc84bd9d
paper_20260707T190058Z_642babcf,2026-07-07T19:01:04.457103+00:00,original_tech,QQQ,1Hour,5,NVDA,2026-07-07T19:01:04.457103+00:00,2026-07-07T19:01:04.457103+00:00,0.2,opened,d9c5d45f-d7a5-498b-ad46-97681e1b1b1e
paper_20260707T190058Z_642babcf,2026-07-07T19:01:04.457103+00:00,original_tech,QQQ,1Hour,5,TSLA,2026-07-07T19:01:04.457103+00:00,2026-07-07T19:01:04.457103+00:00,0.2,opened,bd69380b-68c8-4087-a5ef-fea787290a8c
paper_20260707T190058Z_642babcf,2026-07-07T19:01:08.249149+00:00,tech_no_nvda,QQQ,1Hour,5,ADBE,2026-07-07T19:01:08.249149+00:00,2026-07-07T19:01:08.249149+00:00,0.2,opened,7704d0b4-b849-4817-921d-460ce2ef220d
paper_20260707T190058Z_642babcf,2026-07-07T19:01:08.249149+00:00,tech_no_nvda,QQQ,1Hour,5,AMD,,2026-07-07T19:01:08.249149+00:00,0.2,held,
paper_20260707T190058Z_642babcf,2026-07-07T19:01:08.249149+00:00,tech_no_nvda,QQQ,1Hour,5,INTC,2026-07-07T19:01:08.249149+00:00,2026-07-07T19:01:08.249149+00:00,0.2,opened,156e0091-cc49-44fa-8a44-d564275ebb5e
paper_20260707T190058Z_642babcf,2026-07-07T19:01:08.249149+00:00,tech_no_nvda,QQQ,1Hour,5,MSFT,,2026-07-07T19:01:08.249149+00:00,0.2,held,
paper_20260707T190058Z_642babcf,2026-07-07T19:01:08.249149+00:00,tech_no_nvda,QQQ,1Hour,5,TSLA,2026-07-07T19:01:08.249149+00:00,2026-07-07T19:01:08.249149+00:00,0.2,opened,28d1a097-7c65-42ef-93d5-665c70d79fdb
paper_20260707T190058Z_642babcf,2026-07-07T19:01:12.932016+00:00,new_tech,QQQ,1Hour,5,CRWD,2026-07-07T19:01:12.932016+00:00,2026-07-07T19:01:12.932016+00:00,0.2,opened,8484db6a-154d-4383-b92d-c18a6655d1fd
paper_20260707T190058Z_642babcf,2026-07-07T19:01:12.932016+00:00,new_tech,QQQ,1Hour,5,CSCO,,2026-07-07T19:01:12.932016+00:00,0.0,closed,c5f89a85-b9b8-49e8-b762-c31f05c8660d
paper_20260707T190058Z_642babcf,2026-07-07T19:01:12.932016+00:00,new_tech,QQQ,1Hour,5,MU,,2026-07-07T19:01:12.932016+00:00,0.0,closed,87c92533-ab71-44f2-9ef5-abbf264f37bb
paper_20260707T190058Z_642babcf,2026-07-07T19:01:12.932016+00:00,new_tech,QQQ,1Hour,5,NOW,2026-07-07T19:01:12.932016+00:00,2026-07-07T19:01:12.932016+00:00,0.2,opened,4905ed1f-7fbe-47c4-b665-9145534155ea
paper_20260707T190058Z_642babcf,2026-07-07T19:01:12.932016+00:00,new_tech,QQQ,1Hour,5,ORCL,,2026-07-07T19:01:12.932016+00:00,0.2,held,
paper_20260707T190058Z_642babcf,2026-07-07T19:01:12.932016+00:00,new_tech,QQQ,1Hour,5,SMCI,2026-07-07T19:01:12.932016+00:00,2026-07-07T19:01:12.932016+00:00,0.2,opened,9682d7d8-e690-4018-926f-bc397cfa43b1
paper_20260707T190058Z_642babcf,2026-07-07T19:01:12.932016+00:00,new_tech,QQQ,1Hour,5,SNOW,2026-07-07T19:01:12.932016+00:00,2026-07-07T19:01:12.932016+00:00,0.2,opened,a0f423d6-1e95-4108-8bdc-dfe43e0286d5
paper_20260707T190058Z_642babcf,2026-07-07T19:01:17.927891+00:00,defensive_non_tech,SPY,1Hour,5,ABBV,2026-07-07T19:01:17.927891+00:00,2026-07-07T19:01:17.927891+00:00,0.2,opened,8d5e0d92-bb1d-4b48-907a-5695e866facc
paper_20260707T190058Z_642babcf,2026-07-07T19:01:17.927891+00:00,defensive_non_tech,SPY,1Hour,5,COST,,2026-07-07T19:01:17.927891+00:00,0.0,closed,2562f5f3-15e9-4ba2-ba0f-6a704abae9da
paper_20260707T190058Z_642babcf,2026-07-07T19:01:17.927891+00:00,defensive_non_tech,SPY,1Hour,5,JNJ,,2026-07-07T19:01:17.927891+00:00,0.2,held,
paper_20260707T190058Z_642babcf,2026-07-07T19:01:17.927891+00:00,defensive_non_tech,SPY,1Hour,5,KO,,2026-07-07T19:01:17.927891+00:00,0.0,closed,28b28226-577f-42f6-b22c-e177eddf0602
paper_20260707T190058Z_642babcf,2026-07-07T19:01:17.927891+00:00,defensive_non_tech,SPY,1Hour,5,MRK,,2026-07-07T19:01:17.927891+00:00,0.2,held,
paper_20260707T190058Z_642babcf,2026-07-07T19:01:17.927891+00:00,defensive_non_tech,SPY,1Hour,5,PEP,2026-07-07T19:01:17.927891+00:00,2026-07-07T19:01:17.927891+00:00,0.2,opened,e6d501e1-5ddf-478e-bfab-f06ec379d2d6
paper_20260707T190058Z_642babcf,2026-07-07T19:01:17.927891+00:00,defensive_non_tech,SPY,1Hour,5,PG,,2026-07-07T19:01:17.927891+00:00,0.0,closed,667c5646-6647-47e2-9972-6964b442b1c5
paper_20260707T190058Z_642babcf,2026-07-07T19:01:17.927891+00:00,defensive_non_tech,SPY,1Hour,5,WMT,2026-07-07T19:01:17.927891+00:00,2026-07-07T19:01:17.927891+00:00,0.2,opened,f22ff070-239c-4dda-9ac7-b5c1befc4b5f
paper_20260708T133046Z_ca260785,2026-07-08T13:30:53.796941+00:00,original_tech,QQQ,1Hour,5,ADBE,,2026-07-08T13:30:53.796941+00:00,0.0,closed,3482ebe7-c4ab-4a22-8ad4-a4ebb56dabfa
paper_20260708T133046Z_ca260785,2026-07-08T13:30:53.796941+00:00,original_tech,QQQ,1Hour,5,AMD,,2026-07-08T13:30:53.796941+00:00,0.0,closed,3ba94055-f7d4-4bfd-a908-bdf91c711f76
paper_20260708T133046Z_ca260785,2026-07-08T13:30:53.796941+00:00,original_tech,QQQ,1Hour,5,AMZN,2026-07-08T13:30:53.796941+00:00,2026-07-08T13:30:53.796941+00:00,0.2,opened,1ff75482-dd49-4f6c-8277-d90b5649827f
paper_20260708T133046Z_ca260785,2026-07-08T13:30:53.796941+00:00,original_tech,QQQ,1Hour,5,GOOGL,2026-07-08T13:30:53.796941+00:00,2026-07-08T13:30:53.796941+00:00,0.2,opened,f1bf7445-74f6-4064-9333-bc3be78aa96c
paper_20260708T133046Z_ca260785,2026-07-08T13:30:53.796941+00:00,original_tech,QQQ,1Hour,5,INTC,,2026-07-08T13:30:53.796941+00:00,0.0,closed,9254c579-7c12-4396-bc50-1308d94dd419
paper_20260708T133046Z_ca260785,2026-07-08T13:30:53.796941+00:00,original_tech,QQQ,1Hour,5,META,2026-07-08T13:30:53.796941+00:00,2026-07-08T13:30:53.796941+00:00,0.2,opened,194c159f-4d02-4630-af98-842a975c4fc1
paper_20260708T133046Z_ca260785,2026-07-08T13:30:53.796941+00:00,original_tech,QQQ,1Hour,5,MSFT,2026-07-08T13:30:53.796941+00:00,2026-07-08T13:30:53.796941+00:00,0.2,opened,88f70119-3b45-43a6-b934-b4a95c67a58e
paper_20260708T133046Z_ca260785,2026-07-08T13:30:53.796941+00:00,original_tech,QQQ,1Hour,5,NVDA,,2026-07-08T13:30:53.796941+00:00,0.0,closed,4c417ec1-b0da-4b33-9233-2cd0de304345
paper_20260708T133046Z_ca260785,2026-07-08T13:30:53.796941+00:00,original_tech,QQQ,1Hour,5,TSLA,2026-07-08T13:30:53.796941+00:00,2026-07-08T13:30:53.796941+00:00,0.2,opened,761b375c-1acb-4cb0-81f1-7019078b43f0
paper_20260708T133517Z_58901979,2026-07-08T13:35:21.271279+00:00,original_tech,QQQ,1Hour,5,ADBE,2026-07-08T13:35:21.271279+00:00,2026-07-08T13:35:21.271279+00:00,0.2,opened,d94d5493-6b8a-4740-a642-5066a867bf8d
paper_20260708T133517Z_58901979,2026-07-08T13:35:21.271279+00:00,original_tech,QQQ,1Hour,5,AMZN,,2026-07-08T13:35:21.271279+00:00,0.2,held,
paper_20260708T133517Z_58901979,2026-07-08T13:35:21.271279+00:00,original_tech,QQQ,1Hour,5,GOOGL,,2026-07-08T13:35:21.271279+00:00,0.2,held,
paper_20260708T133517Z_58901979,2026-07-08T13:35:21.271279+00:00,original_tech,QQQ,1Hour,5,META,,2026-07-08T13:35:21.271279+00:00,0.2,held,
paper_20260708T133517Z_58901979,2026-07-08T13:35:21.271279+00:00,original_tech,QQQ,1Hour,5,MSFT,,2026-07-08T13:35:21.271279+00:00,0.2,held,
paper_20260708T133517Z_58901979,2026-07-08T13:35:21.271279+00:00,original_tech,QQQ,1Hour,5,TSLA,,2026-07-08T13:35:21.271279+00:00,0.0,closed,3aa4a0fb-d5ba-4d26-ad4d-f2dc12aa4f85
paper_20260708T133627Z_3b4a5484,2026-07-08T13:36:30.552329+00:00,original_tech,QQQ,1Hour,5,ADBE,,2026-07-08T13:36:30.552329+00:00,0.2,held,
paper_20260708T133627Z_3b4a5484,2026-07-08T13:36:30.552329+00:00,original_tech,QQQ,1Hour,5,AMZN,,2026-07-08T13:36:30.552329+00:00,0.2,held,
paper_20260708T133627Z_3b4a5484,2026-07-08T13:36:30.552329+00:00,original_tech,QQQ,1Hour,5,GOOGL,,2026-07-08T13:36:30.552329+00:00,0.2,held,
paper_20260708T133627Z_3b4a5484,2026-07-08T13:36:30.552329+00:00,original_tech,QQQ,1Hour,5,META,,2026-07-08T13:36:30.552329+00:00,0.2,held,
paper_20260708T133627Z_3b4a5484,2026-07-08T13:36:30.552329+00:00,original_tech,QQQ,1Hour,5,MSFT,,2026-07-08T13:36:30.552329+00:00,0.2,held,
paper_20260708T133627Z_3b4a5484,2026-07-08T13:36:34.056014+00:00,tech_no_nvda,QQQ,1Hour,5,ADBE,,2026-07-08T13:36:34.056014+00:00,0.2,held,
paper_20260708T133627Z_3b4a5484,2026-07-08T13:36:34.056014+00:00,tech_no_nvda,QQQ,1Hour,5,AMZN,,2026-07-08T13:36:34.056014+00:00,0.2,held,
paper_20260708T133627Z_3b4a5484,2026-07-08T13:36:34.056014+00:00,tech_no_nvda,QQQ,1Hour,5,GOOGL,,2026-07-08T13:36:34.056014+00:00,0.2,held,
paper_20260708T133627Z_3b4a5484,2026-07-08T13:36:34.056014+00:00,tech_no_nvda,QQQ,1Hour,5,META,,2026-07-08T13:36:34.056014+00:00,0.2,held,
paper_20260708T133627Z_3b4a5484,2026-07-08T13:36:34.056014+00:00,tech_no_nvda,QQQ,1Hour,5,MSFT,,2026-07-08T13:36:34.056014+00:00,0.2,held,
paper_20260708T133627Z_3b4a5484,2026-07-08T13:36:38.280494+00:00,new_tech,QQQ,1Hour,5,CRWD,,2026-07-08T13:36:38.280494+00:00,0.0,closed,f166fc84-9624-4d05-8033-a37a9d578a97
paper_20260708T133627Z_3b4a5484,2026-07-08T13:36:38.280494+00:00,new_tech,QQQ,1Hour,5,MU,2026-07-08T13:36:38.280494+00:00,2026-07-08T13:36:38.280494+00:00,0.2,opened,42f876ae-23fd-4d92-965b-4c92cc1763a2
paper_20260708T133627Z_3b4a5484,2026-07-08T13:36:38.280494+00:00,new_tech,QQQ,1Hour,5,NOW,2026-07-08T13:36:38.280494+00:00,2026-07-08T13:36:38.280494+00:00,0.2,opened,27a98226-de71-4a53-8b48-71d55cb22c3e
paper_20260708T133627Z_3b4a5484,2026-07-08T13:36:38.280494+00:00,new_tech,QQQ,1Hour,5,ORCL,,2026-07-08T13:36:38.280494+00:00,0.0,closed,99e80d4e-8297-4061-ac6e-dd71daa8b24f
paper_20260708T133627Z_3b4a5484,2026-07-08T13:36:38.280494+00:00,new_tech,QQQ,1Hour,5,PLTR,2026-07-08T13:36:38.280494+00:00,2026-07-08T13:36:38.280494+00:00,0.2,opened,ca66f356-d3bc-4682-9b45-ad532f20921f
paper_20260708T133627Z_3b4a5484,2026-07-08T13:36:38.280494+00:00,new_tech,QQQ,1Hour,5,SMCI,,2026-07-08T13:36:38.280494+00:00,0.2,held,
paper_20260708T133627Z_3b4a5484,2026-07-08T13:36:38.280494+00:00,new_tech,QQQ,1Hour,5,SNOW,2026-07-08T13:36:38.280494+00:00,2026-07-08T13:36:38.280494+00:00,0.2,opened,34416ca5-90a6-4a2b-a506-d6cb722d7c5d
paper_20260708T133627Z_3b4a5484,2026-07-08T13:36:42.341790+00:00,defensive_non_tech,SPY,1Hour,5,ABBV,2026-07-08T13:36:42.341790+00:00,2026-07-08T13:36:42.341790+00:00,0.2,opened,e87918a6-4a7d-4554-b992-f52fbce1f562
paper_20260708T133627Z_3b4a5484,2026-07-08T13:36:42.341790+00:00,defensive_non_tech,SPY,1Hour,5,JNJ,,2026-07-08T13:36:42.341790+00:00,0.2,held,
paper_20260708T133627Z_3b4a5484,2026-07-08T13:36:42.341790+00:00,defensive_non_tech,SPY,1Hour,5,MRK,2026-07-08T13:36:42.341790+00:00,2026-07-08T13:36:42.341790+00:00,0.2,opened,f7785153-c1dd-47a7-91f7-c4fa4202075d
paper_20260708T133627Z_3b4a5484,2026-07-08T13:36:42.341790+00:00,defensive_non_tech,SPY,1Hour,5,PEP,2026-07-08T13:36:42.341790+00:00,2026-07-08T13:36:42.341790+00:00,0.2,opened,8d226bb8-93aa-41ce-9983-f616ec08d5bd
paper_20260708T133627Z_3b4a5484,2026-07-08T13:36:42.341790+00:00,defensive_non_tech,SPY,1Hour,5,PG,2026-07-08T13:36:42.341790+00:00,2026-07-08T13:36:42.341790+00:00,0.2,opened,729e7fc8-05d7-4704-8ae5-3c30f0a7c83b
paper_20260708T133627Z_3b4a5484,2026-07-08T13:36:42.341790+00:00,defensive_non_tech,SPY,1Hour,5,WMT,,2026-07-08T13:36:42.341790+00:00,0.0,closed,97574cd0-e4e2-43f5-a19d-d7caaacf8880
paper_20260708T140048Z_2c5188b2,2026-07-08T14:00:51.861798+00:00,original_tech,QQQ,1Hour,5,ADBE,,2026-07-08T14:00:51.861798+00:00,0.2,held,
paper_20260708T140048Z_2c5188b2,2026-07-08T14:00:51.861798+00:00,original_tech,QQQ,1Hour,5,AMD,2026-07-08T14:00:51.861798+00:00,2026-07-08T14:00:51.861798+00:00,0.2,opened,e7ed0a02-eff7-40e3-b28c-562b47a8f1d2
paper_20260708T140048Z_2c5188b2,2026-07-08T14:00:51.861798+00:00,original_tech,QQQ,1Hour,5,AMZN,,2026-07-08T14:00:51.861798+00:00,0.0,closed,34bc774e-0203-4e14-a890-d9761d24c6ba
paper_20260708T140048Z_2c5188b2,2026-07-08T14:00:51.861798+00:00,original_tech,QQQ,1Hour,5,GOOGL,,2026-07-08T14:00:51.861798+00:00,0.2,held,
paper_20260708T140048Z_2c5188b2,2026-07-08T14:00:51.861798+00:00,original_tech,QQQ,1Hour,5,META,,2026-07-08T14:00:51.861798+00:00,0.2,held,
paper_20260708T140048Z_2c5188b2,2026-07-08T14:00:51.861798+00:00,original_tech,QQQ,1Hour,5,MSFT,,2026-07-08T14:00:51.861798+00:00,0.2,held,
paper_20260708T140048Z_2c5188b2,2026-07-08T14:00:55.464774+00:00,tech_no_nvda,QQQ,1Hour,5,ADBE,,2026-07-08T14:00:55.464774+00:00,0.2,held,
paper_20260708T140048Z_2c5188b2,2026-07-08T14:00:55.464774+00:00,tech_no_nvda,QQQ,1Hour,5,AMD,,2026-07-08T14:00:55.464774+00:00,0.2,held,
paper_20260708T140048Z_2c5188b2,2026-07-08T14:00:55.464774+00:00,tech_no_nvda,QQQ,1Hour,5,GOOGL,,2026-07-08T14:00:55.464774+00:00,0.2,held,
paper_20260708T140048Z_2c5188b2,2026-07-08T14:00:55.464774+00:00,tech_no_nvda,QQQ,1Hour,5,META,,2026-07-08T14:00:55.464774+00:00,0.2,held,
paper_20260708T140048Z_2c5188b2,2026-07-08T14:00:55.464774+00:00,tech_no_nvda,QQQ,1Hour,5,MSFT,,2026-07-08T14:00:55.464774+00:00,0.2,held,
paper_20260708T140048Z_2c5188b2,2026-07-08T14:00:59.504489+00:00,new_tech,QQQ,1Hour,5,CRWD,2026-07-08T14:00:59.504489+00:00,2026-07-08T14:00:59.504489+00:00,0.2,opened,1628b596-6a02-47a6-b3d3-7e8e15300dcd
paper_20260708T140048Z_2c5188b2,2026-07-08T14:00:59.504489+00:00,new_tech,QQQ,1Hour,5,MU,,2026-07-08T14:00:59.504489+00:00,0.0,closed,3bcd1684-f369-4038-89ac-511b5163525b
paper_20260708T140048Z_2c5188b2,2026-07-08T14:00:59.504489+00:00,new_tech,QQQ,1Hour,5,NOW,2026-07-08T14:00:59.504489+00:00,2026-07-08T14:00:59.504489+00:00,0.2,opened,93f42b04-b184-4988-97d0-9dbc97e8645b
paper_20260708T140048Z_2c5188b2,2026-07-08T14:00:59.504489+00:00,new_tech,QQQ,1Hour,5,PLTR,2026-07-08T14:00:59.504489+00:00,2026-07-08T14:00:59.504489+00:00,0.2,opened,7630aebb-11fe-47dc-8468-3034a4641ded
paper_20260708T140048Z_2c5188b2,2026-07-08T14:00:59.504489+00:00,new_tech,QQQ,1Hour,5,SMCI,,2026-07-08T14:00:59.504489+00:00,0.2,held,
paper_20260708T140048Z_2c5188b2,2026-07-08T14:00:59.504489+00:00,new_tech,QQQ,1Hour,5,SNOW,2026-07-08T14:00:59.504489+00:00,2026-07-08T14:00:59.504489+00:00,0.2,opened,57e3f1cc-921f-454a-b724-10180a50a8a0
paper_20260708T140048Z_2c5188b2,2026-07-08T14:01:03.238649+00:00,defensive_non_tech,SPY,1Hour,5,ABBV,,2026-07-08T14:01:03.238649+00:00,0.2,held,
paper_20260708T140048Z_2c5188b2,2026-07-08T14:01:03.238649+00:00,defensive_non_tech,SPY,1Hour,5,JNJ,,2026-07-08T14:01:03.238649+00:00,0.2,held,
paper_20260708T140048Z_2c5188b2,2026-07-08T14:01:03.238649+00:00,defensive_non_tech,SPY,1Hour,5,MRK,2026-07-08T14:01:03.238649+00:00,2026-07-08T14:01:03.238649+00:00,0.2,opened,ec9cd2cc-a7d4-4a91-96ec-2d387f8e72c0
paper_20260708T140048Z_2c5188b2,2026-07-08T14:01:03.238649+00:00,defensive_non_tech,SPY,1Hour,5,PEP,,2026-07-08T14:01:03.238649+00:00,0.2,held,
paper_20260708T140048Z_2c5188b2,2026-07-08T14:01:03.238649+00:00,defensive_non_tech,SPY,1Hour,5,PG,2026-07-08T14:01:03.238649+00:00,2026-07-08T14:01:03.238649+00:00,0.2,opened,679f7dfa-2f60-4c14-81cd-1a12e04c9634
paper_20260708T150013Z_cd3524d9,2026-07-08T15:00:22.438904+00:00,original_tech,QQQ,1Hour,5,ADBE,,2026-07-08T15:00:22.438904+00:00,0.2,held,
paper_20260708T150013Z_cd3524d9,2026-07-08T15:00:22.438904+00:00,original_tech,QQQ,1Hour,5,AMD,2026-07-08T15:00:22.438904+00:00,2026-07-08T15:00:22.438904+00:00,0.2,opened,c9d1e14d-2b96-4cd0-ada9-30a318571a0a
paper_20260708T150013Z_cd3524d9,2026-07-08T15:00:22.438904+00:00,original_tech,QQQ,1Hour,5,AMZN,2026-07-08T15:00:22.438904+00:00,2026-07-08T15:00:22.438904+00:00,0.2,opened,13057bd3-77d2-4b28-8f6b-f43ea549fe86
paper_20260708T150013Z_cd3524d9,2026-07-08T15:00:22.438904+00:00,original_tech,QQQ,1Hour,5,GOOGL,,2026-07-08T15:00:22.438904+00:00,0.0,closed,b8209d7f-c789-4658-b73b-ba27baf3990d
paper_20260708T150013Z_cd3524d9,2026-07-08T15:00:22.438904+00:00,original_tech,QQQ,1Hour,5,INTC,2026-07-08T15:00:22.438904+00:00,2026-07-08T15:00:22.438904+00:00,0.2,opened,46cdf0d2-4004-4ffa-a032-8d837ab8a347
paper_20260708T150013Z_cd3524d9,2026-07-08T15:00:22.438904+00:00,original_tech,QQQ,1Hour,5,META,,2026-07-08T15:00:22.438904+00:00,0.0,closed,981078bd-6d11-4a51-8551-ad8639034f6a
paper_20260708T150013Z_cd3524d9,2026-07-08T15:00:22.438904+00:00,original_tech,QQQ,1Hour,5,MSFT,,2026-07-08T15:00:22.438904+00:00,0.0,closed,326e4657-3595-4d4c-8030-af9500234614
paper_20260708T150013Z_cd3524d9,2026-07-08T15:00:22.438904+00:00,original_tech,QQQ,1Hour,5,TSLA,2026-07-08T15:00:22.438904+00:00,2026-07-08T15:00:22.438904+00:00,0.2,opened,6e2e2c9b-09a1-4e4c-bff3-55b9482eee70
paper_20260708T150128Z_dc567a48,2026-07-08T15:01:31.962675+00:00,original_tech,QQQ,1Hour,5,ADBE,,2026-07-08T15:01:31.962675+00:00,0.2,held,
paper_20260708T150128Z_dc567a48,2026-07-08T15:01:31.962675+00:00,original_tech,QQQ,1Hour,5,AMD,2026-07-08T15:01:31.962675+00:00,2026-07-08T15:01:31.962675+00:00,0.2,opened,924cc233-a997-48ca-8427-4a6c2440e879
paper_20260708T150128Z_dc567a48,2026-07-08T15:01:31.962675+00:00,original_tech,QQQ,1Hour,5,AMZN,,2026-07-08T15:01:31.962675+00:00,0.2,held,
paper_20260708T150128Z_dc567a48,2026-07-08T15:01:31.962675+00:00,original_tech,QQQ,1Hour,5,INTC,,2026-07-08T15:01:31.962675+00:00,0.2,held,
paper_20260708T150128Z_dc567a48,2026-07-08T15:01:31.962675+00:00,original_tech,QQQ,1Hour,5,TSLA,2026-07-08T15:01:31.962675+00:00,2026-07-08T15:01:31.962675+00:00,0.2,opened,c35ea198-bac3-4da5-a4f0-a84451929821
paper_20260708T150128Z_dc567a48,2026-07-08T15:01:35.599267+00:00,tech_no_nvda,QQQ,1Hour,5,ADBE,,2026-07-08T15:01:35.599267+00:00,0.2,held,
paper_20260708T150128Z_dc567a48,2026-07-08T15:01:35.599267+00:00,tech_no_nvda,QQQ,1Hour,5,AMD,2026-07-08T15:01:35.599267+00:00,2026-07-08T15:01:35.599267+00:00,0.2,opened,62f1d7b1-41d3-43a3-9892-ce364cfe1b4b
paper_20260708T150128Z_dc567a48,2026-07-08T15:01:35.599267+00:00,tech_no_nvda,QQQ,1Hour,5,AMZN,,2026-07-08T15:01:35.599267+00:00,0.2,held,
paper_20260708T150128Z_dc567a48,2026-07-08T15:01:35.599267+00:00,tech_no_nvda,QQQ,1Hour,5,INTC,2026-07-08T15:01:35.599267+00:00,2026-07-08T15:01:35.599267+00:00,0.2,opened,45234a5f-9996-4a4e-9078-6060284d3d96
paper_20260708T150128Z_dc567a48,2026-07-08T15:01:35.599267+00:00,tech_no_nvda,QQQ,1Hour,5,TSLA,,2026-07-08T15:01:35.599267+00:00,0.2,held,
paper_20260708T150128Z_dc567a48,2026-07-08T15:01:39.344613+00:00,new_tech,QQQ,1Hour,5,CRWD,2026-07-08T15:01:39.344613+00:00,2026-07-08T15:01:39.344613+00:00,0.2,opened,dfdb72db-9c30-4ca4-b3b7-77504cf528a9
paper_20260708T150128Z_dc567a48,2026-07-08T15:01:39.344613+00:00,new_tech,QQQ,1Hour,5,MU,2026-07-08T15:01:39.344613+00:00,2026-07-08T15:01:39.344613+00:00,0.2,opened,389e9a85-e11f-4334-bb23-1772ac1aede4
paper_20260708T150128Z_dc567a48,2026-07-08T15:01:39.344613+00:00,new_tech,QQQ,1Hour,5,NOW,,2026-07-08T15:01:39.344613+00:00,0.2,held,
paper_20260708T150128Z_dc567a48,2026-07-08T15:01:39.344613+00:00,new_tech,QQQ,1Hour,5,PLTR,,2026-07-08T15:01:39.344613+00:00,0.2,held,
paper_20260708T150128Z_dc567a48,2026-07-08T15:01:39.344613+00:00,new_tech,QQQ,1Hour,5,SMCI,,2026-07-08T15:01:39.344613+00:00,0.0,closed,38df55f6-61e6-4215-ab66-ab9adbffa3d1
paper_20260708T150128Z_dc567a48,2026-07-08T15:01:39.344613+00:00,new_tech,QQQ,1Hour,5,SNOW,2026-07-08T15:01:39.344613+00:00,2026-07-08T15:01:39.344613+00:00,0.2,opened,b496d2fa-3bb8-4e88-b9ca-b96bac3fcb55
paper_20260708T150128Z_dc567a48,2026-07-08T15:01:43.208860+00:00,defensive_non_tech,SPY,1Hour,5,ABBV,,2026-07-08T15:01:43.208860+00:00,0.2,held,
paper_20260708T150128Z_dc567a48,2026-07-08T15:01:43.208860+00:00,defensive_non_tech,SPY,1Hour,5,COST,2026-07-08T15:01:43.208860+00:00,2026-07-08T15:01:43.208860+00:00,0.2,opened,e04c95f2-6af0-47f6-a5d3-9bc083498b78
paper_20260708T150128Z_dc567a48,2026-07-08T15:01:43.208860+00:00,defensive_non_tech,SPY,1Hour,5,JNJ,,2026-07-08T15:01:43.208860+00:00,0.0,closed,20a7a55b-1aae-4813-b4f2-e5b44f435c7d
paper_20260708T150128Z_dc567a48,2026-07-08T15:01:43.208860+00:00,defensive_non_tech,SPY,1Hour,5,KO,2026-07-08T15:01:43.208860+00:00,2026-07-08T15:01:43.208860+00:00,0.2,opened,593c73a0-c8b2-4108-8280-55e662f6ad2c
paper_20260708T150128Z_dc567a48,2026-07-08T15:01:43.208860+00:00,defensive_non_tech,SPY,1Hour,5,MRK,,2026-07-08T15:01:43.208860+00:00,0.2,held,
paper_20260708T150128Z_dc567a48,2026-07-08T15:01:43.208860+00:00,defensive_non_tech,SPY,1Hour,5,PEP,,2026-07-08T15:01:43.208860+00:00,0.0,closed,facde7ee-8107-4848-9a09-29f003007900
paper_20260708T150128Z_dc567a48,2026-07-08T15:01:43.208860+00:00,defensive_non_tech,SPY,1Hour,5,PG,,2026-07-08T15:01:43.208860+00:00,0.2,held,
paper_20260708T160049Z_d25fbd12,2026-07-08T16:00:53.656312+00:00,original_tech,QQQ,1Hour,5,AAPL,2026-07-08T16:00:53.656312+00:00,2026-07-08T16:00:53.656312+00:00,0.2,opened,a394ceb8-0fa3-4e0b-840b-8417963f93e6
paper_20260708T160049Z_d25fbd12,2026-07-08T16:00:53.656312+00:00,original_tech,QQQ,1Hour,5,ADBE,,2026-07-08T16:00:53.656312+00:00,0.0,closed,b05a83ec-3ff9-4c70-902e-5f9f2ae4d79c
paper_20260708T160049Z_d25fbd12,2026-07-08T16:00:53.656312+00:00,original_tech,QQQ,1Hour,5,AMD,,2026-07-08T16:00:53.656312+00:00,0.0,closed,b30683a2-cab9-4239-8271-4d57a31e2e48
paper_20260708T160049Z_d25fbd12,2026-07-08T16:00:53.656312+00:00,original_tech,QQQ,1Hour,5,AMZN,2026-07-08T16:00:53.656312+00:00,2026-07-08T16:00:53.656312+00:00,0.2,opened,3f4d35c1-c811-4001-b8b3-b232c6a50954
paper_20260708T160049Z_d25fbd12,2026-07-08T16:00:53.656312+00:00,original_tech,QQQ,1Hour,5,GOOGL,2026-07-08T16:00:53.656312+00:00,2026-07-08T16:00:53.656312+00:00,0.2,opened,6c03901a-2958-43ba-b8f1-1b08b406ddce
paper_20260708T160049Z_d25fbd12,2026-07-08T16:00:53.656312+00:00,original_tech,QQQ,1Hour,5,INTC,2026-07-08T16:00:53.656312+00:00,2026-07-08T16:00:53.656312+00:00,0.2,opened,dd15d6c6-24d2-42eb-9d15-4fbd5c98d59e
paper_20260708T160049Z_d25fbd12,2026-07-08T16:00:53.656312+00:00,original_tech,QQQ,1Hour,5,NVDA,2026-07-08T16:00:53.656312+00:00,2026-07-08T16:00:53.656312+00:00,0.2,opened,a93ac219-eb66-441a-b7fd-dc5e8ccd156c
paper_20260708T160049Z_d25fbd12,2026-07-08T16:00:53.656312+00:00,original_tech,QQQ,1Hour,5,TSLA,,2026-07-08T16:00:53.656312+00:00,0.0,closed,be39ac38-5263-4274-bcc4-18573ad1389b
paper_20260708T160049Z_d25fbd12,2026-07-08T16:00:57.406010+00:00,tech_no_nvda,QQQ,1Hour,5,AAPL,,2026-07-08T16:00:57.406010+00:00,0.2,held,
paper_20260708T160049Z_d25fbd12,2026-07-08T16:00:57.406010+00:00,tech_no_nvda,QQQ,1Hour,5,AMZN,,2026-07-08T16:00:57.406010+00:00,0.2,held,
paper_20260708T160049Z_d25fbd12,2026-07-08T16:00:57.406010+00:00,tech_no_nvda,QQQ,1Hour,5,GOOGL,2026-07-08T16:00:57.406010+00:00,2026-07-08T16:00:57.406010+00:00,0.2,opened,5e9323d8-d719-4614-b949-e33c267898fc
paper_20260708T160049Z_d25fbd12,2026-07-08T16:00:57.406010+00:00,tech_no_nvda,QQQ,1Hour,5,INTC,2026-07-08T16:00:57.406010+00:00,2026-07-08T16:00:57.406010+00:00,0.2,opened,1861f271-abb2-4df7-8532-9bca46da8b8c
paper_20260708T160049Z_d25fbd12,2026-07-08T16:00:57.406010+00:00,tech_no_nvda,QQQ,1Hour,5,MSFT,2026-07-08T16:00:57.406010+00:00,2026-07-08T16:00:57.406010+00:00,0.2,opened,d374303c-a344-4f48-9896-e54439a25eb8
paper_20260708T160049Z_d25fbd12,2026-07-08T16:01:01.880675+00:00,new_tech,QQQ,1Hour,5,CRWD,,2026-07-08T16:01:01.880675+00:00,0.0,closed,3f622662-adbc-40bd-af06-64ce9bf64e12
paper_20260708T160049Z_d25fbd12,2026-07-08T16:01:01.880675+00:00,new_tech,QQQ,1Hour,5,CSCO,2026-07-08T16:01:01.880675+00:00,2026-07-08T16:01:01.880675+00:00,0.2,opened,d88e6799-bbf2-4652-ad46-e6d4c5eb2a32
paper_20260708T160049Z_d25fbd12,2026-07-08T16:01:01.880675+00:00,new_tech,QQQ,1Hour,5,MU,,2026-07-08T16:01:01.880675+00:00,0.0,closed,52fb6e14-2db6-4e28-bae6-d1da21b1a994
paper_20260708T160049Z_d25fbd12,2026-07-08T16:01:01.880675+00:00,new_tech,QQQ,1Hour,5,NET,2026-07-08T16:01:01.880675+00:00,2026-07-08T16:01:01.880675+00:00,0.2,opened,e8b46806-5714-4c1c-adbf-5d4f87aa83fc
paper_20260708T160049Z_d25fbd12,2026-07-08T16:01:01.880675+00:00,new_tech,QQQ,1Hour,5,NOW,,2026-07-08T16:01:01.880675+00:00,0.2,held,
paper_20260708T160049Z_d25fbd12,2026-07-08T16:01:01.880675+00:00,new_tech,QQQ,1Hour,5,ORCL,2026-07-08T16:01:01.880675+00:00,2026-07-08T16:01:01.880675+00:00,0.2,opened,8eb9abaa-1d42-4bbd-ba72-006eb1256579
paper_20260708T160049Z_d25fbd12,2026-07-08T16:01:01.880675+00:00,new_tech,QQQ,1Hour,5,PLTR,,2026-07-08T16:01:01.880675+00:00,0.2,held,
paper_20260708T160049Z_d25fbd12,2026-07-08T16:01:01.880675+00:00,new_tech,QQQ,1Hour,5,SNOW,,2026-07-08T16:01:01.880675+00:00,0.0,closed,29d1c172-7c10-4548-bc20-14c8bee8ae4a
paper_20260708T160049Z_d25fbd12,2026-07-08T16:01:05.854091+00:00,defensive_non_tech,SPY,1Hour,5,ABBV,,2026-07-08T16:01:05.854091+00:00,0.2,held,
paper_20260708T160049Z_d25fbd12,2026-07-08T16:01:05.854091+00:00,defensive_non_tech,SPY,1Hour,5,COST,,2026-07-08T16:01:05.854091+00:00,0.2,held,
paper_20260708T160049Z_d25fbd12,2026-07-08T16:01:05.854091+00:00,defensive_non_tech,SPY,1Hour,5,JNJ,2026-07-08T16:01:05.854091+00:00,2026-07-08T16:01:05.854091+00:00,0.2,opened,51705f18-22c5-43d0-83bf-83fc36f404c0
paper_20260708T160049Z_d25fbd12,2026-07-08T16:01:05.854091+00:00,defensive_non_tech,SPY,1Hour,5,KO,,2026-07-08T16:01:05.854091+00:00,0.2,held,
paper_20260708T160049Z_d25fbd12,2026-07-08T16:01:05.854091+00:00,defensive_non_tech,SPY,1Hour,5,MRK,,2026-07-08T16:01:05.854091+00:00,0.0,closed,2afc0e96-e754-4bb0-90bf-608c5a2819ab
paper_20260708T160049Z_d25fbd12,2026-07-08T16:01:05.854091+00:00,defensive_non_tech,SPY,1Hour,5,PG,,2026-07-08T16:01:05.854091+00:00,0.2,held,
paper_20260708T170012Z_90a4fba0,2026-07-08T17:00:18.005098+00:00,original_tech,QQQ,1Hour,5,AAPL,,2026-07-08T17:00:18.005098+00:00,0.0,closed,3b8adad8-616b-4ecb-a62e-8934d9f77950
paper_20260708T170012Z_90a4fba0,2026-07-08T17:00:18.005098+00:00,original_tech,QQQ,1Hour,5,ADBE,2026-07-08T17:00:18.005098+00:00,2026-07-08T17:00:18.005098+00:00,0.2,opened,a1addb91-fde9-4aef-8142-40f7a1ba3b91
paper_20260708T170012Z_90a4fba0,2026-07-08T17:00:18.005098+00:00,original_tech,QQQ,1Hour,5,AMZN,,2026-07-08T17:00:18.005098+00:00,0.2,held,
paper_20260708T170012Z_90a4fba0,2026-07-08T17:00:18.005098+00:00,original_tech,QQQ,1Hour,5,GOOGL,2026-07-08T17:00:18.005098+00:00,2026-07-08T17:00:18.005098+00:00,0.2,opened,2b22d3f7-8c3c-41b1-a2b3-338813d8787c
paper_20260708T170012Z_90a4fba0,2026-07-08T17:00:18.005098+00:00,original_tech,QQQ,1Hour,5,INTC,,2026-07-08T17:00:18.005098+00:00,0.0,closed,91ca1288-f91b-4fe4-98d9-c96e60656a0d
paper_20260708T170012Z_90a4fba0,2026-07-08T17:00:18.005098+00:00,original_tech,QQQ,1Hour,5,META,2026-07-08T17:00:18.005098+00:00,2026-07-08T17:00:18.005098+00:00,0.2,opened,a870224b-e11f-4341-9629-28f74ee6d45d
paper_20260708T170012Z_90a4fba0,2026-07-08T17:00:18.005098+00:00,original_tech,QQQ,1Hour,5,MSFT,2026-07-08T17:00:18.005098+00:00,2026-07-08T17:00:18.005098+00:00,0.2,opened,d8c44822-dc28-4c5e-95b9-c696d0151342
paper_20260708T170012Z_90a4fba0,2026-07-08T17:00:18.005098+00:00,original_tech,QQQ,1Hour,5,NVDA,,2026-07-08T17:00:18.005098+00:00,0.0,closed,b0fa5b79-b2e7-42bb-b562-7af5ce48a77b
paper_20260708T170012Z_90a4fba0,2026-07-08T17:00:21.639081+00:00,tech_no_nvda,QQQ,1Hour,5,ADBE,2026-07-08T17:00:21.639081+00:00,2026-07-08T17:00:21.639081+00:00,0.2,opened,14db5756-fe7a-4f8b-b4b1-d9111dcf02f2
paper_20260708T170012Z_90a4fba0,2026-07-08T17:00:21.639081+00:00,tech_no_nvda,QQQ,1Hour,5,AMZN,,2026-07-08T17:00:21.639081+00:00,0.2,held,
paper_20260708T170012Z_90a4fba0,2026-07-08T17:00:21.639081+00:00,tech_no_nvda,QQQ,1Hour,5,GOOGL,,2026-07-08T17:00:21.639081+00:00,0.2,held,
paper_20260708T170012Z_90a4fba0,2026-07-08T17:00:21.639081+00:00,tech_no_nvda,QQQ,1Hour,5,META,2026-07-08T17:00:21.639081+00:00,2026-07-08T17:00:21.639081+00:00,0.2,opened,5e036399-59a6-4660-a38f-d3d5b3d81b72
paper_20260708T170012Z_90a4fba0,2026-07-08T17:00:21.639081+00:00,tech_no_nvda,QQQ,1Hour,5,MSFT,,2026-07-08T17:00:21.639081+00:00,0.2,held,
paper_20260708T170012Z_90a4fba0,2026-07-08T17:00:25.969283+00:00,new_tech,QQQ,1Hour,5,CSCO,,2026-07-08T17:00:25.969283+00:00,0.0,closed,707039f6-88b1-4488-93ff-7dd8bbdfd4e8
paper_20260708T170012Z_90a4fba0,2026-07-08T17:00:25.969283+00:00,new_tech,QQQ,1Hour,5,MU,2026-07-08T17:00:25.969283+00:00,2026-07-08T17:00:25.969283+00:00,0.2,opened,1ff915f1-0a7a-465b-b96e-5c8baaa7d55f
paper_20260708T170012Z_90a4fba0,2026-07-08T17:00:25.969283+00:00,new_tech,QQQ,1Hour,5,NET,,2026-07-08T17:00:25.969283+00:00,0.0,closed,fbcda097-2ddb-4974-b8d4-a1dcd58b744e
paper_20260708T170012Z_90a4fba0,2026-07-08T17:00:25.969283+00:00,new_tech,QQQ,1Hour,5,NOW,,2026-07-08T17:00:25.969283+00:00,0.2,held,
paper_20260708T170012Z_90a4fba0,2026-07-08T17:00:25.969283+00:00,new_tech,QQQ,1Hour,5,ORCL,,2026-07-08T17:00:25.969283+00:00,0.0,closed,17dc54ab-3714-4562-8108-57579a66e262
paper_20260708T170012Z_90a4fba0,2026-07-08T17:00:25.969283+00:00,new_tech,QQQ,1Hour,5,PLTR,,2026-07-08T17:00:25.969283+00:00,0.2,held,
paper_20260708T170012Z_90a4fba0,2026-07-08T17:00:25.969283+00:00,new_tech,QQQ,1Hour,5,SMCI,2026-07-08T17:00:25.969283+00:00,2026-07-08T17:00:25.969283+00:00,0.2,opened,65dde640-c9d5-4768-b8c5-72cb2c12077e
paper_20260708T170012Z_90a4fba0,2026-07-08T17:00:25.969283+00:00,new_tech,QQQ,1Hour,5,SNOW,2026-07-08T17:00:25.969283+00:00,2026-07-08T17:00:25.969283+00:00,0.2,opened,f1f8a245-70a3-462f-ad02-25bc88d9353b
paper_20260708T170012Z_90a4fba0,2026-07-08T17:00:32.695499+00:00,defensive_non_tech,SPY,1Hour,5,ABBV,,2026-07-08T17:00:32.695499+00:00,0.0,closed,1a66b145-12a7-4d7e-b41f-7cb13a69eac8
paper_20260708T170012Z_90a4fba0,2026-07-08T17:00:32.695499+00:00,defensive_non_tech,SPY,1Hour,5,COST,2026-07-08T17:00:32.695499+00:00,2026-07-08T17:00:32.695499+00:00,0.2,opened,6cc2d664-5a2a-4c0d-9537-45c4944b1368
paper_20260708T170012Z_90a4fba0,2026-07-08T17:00:32.695499+00:00,defensive_non_tech,SPY,1Hour,5,CVX,2026-07-08T17:00:32.695499+00:00,2026-07-08T17:00:32.695499+00:00,0.2,opened,38128f97-b5fd-4657-9e84-9df8db52fec7
paper_20260708T170012Z_90a4fba0,2026-07-08T17:00:32.695499+00:00,defensive_non_tech,SPY,1Hour,5,JNJ,,2026-07-08T17:00:32.695499+00:00,0.0,closed,a3aba578-3c4b-4e90-992d-de164a671080
paper_20260708T170012Z_90a4fba0,2026-07-08T17:00:32.695499+00:00,defensive_non_tech,SPY,1Hour,5,KO,2026-07-08T17:00:32.695499+00:00,2026-07-08T17:00:32.695499+00:00,0.2,opened,3eb208c0-5959-4db9-bd0d-06c98b3638d8
paper_20260708T170012Z_90a4fba0,2026-07-08T17:00:32.695499+00:00,defensive_non_tech,SPY,1Hour,5,PG,,2026-07-08T17:00:32.695499+00:00,0.0,closed,45ec29e3-5cf3-4cb2-b995-f5c05b97f01e
paper_20260708T170012Z_90a4fba0,2026-07-08T17:00:32.695499+00:00,defensive_non_tech,SPY,1Hour,5,WMT,2026-07-08T17:00:32.695499+00:00,2026-07-08T17:00:32.695499+00:00,0.2,opened,e777d0b7-80bc-4fc5-b4d8-965e7517f785
paper_20260708T170012Z_90a4fba0,2026-07-08T17:00:32.695499+00:00,defensive_non_tech,SPY,1Hour,5,XOM,2026-07-08T17:00:32.695499+00:00,2026-07-08T17:00:32.695499+00:00,0.2,opened,225f7f16-682e-4b42-9b0c-14d17e3edd8d
paper_20260708T180039Z_e5465336,2026-07-08T18:00:43.470162+00:00,original_tech,QQQ,1Hour,5,ADBE,,2026-07-08T18:00:43.470162+00:00,0.0,closed,e097e0f6-fe4e-4718-b72d-ccd7f797d2ab
paper_20260708T180039Z_e5465336,2026-07-08T18:00:43.470162+00:00,original_tech,QQQ,1Hour,5,AMZN,,2026-07-08T18:00:43.470162+00:00,0.2,held,
paper_20260708T180039Z_e5465336,2026-07-08T18:00:43.470162+00:00,original_tech,QQQ,1Hour,5,GOOGL,2026-07-08T18:00:43.470162+00:00,2026-07-08T18:00:43.470162+00:00,0.2,opened,8408004f-df8c-46a0-8fe9-d8b4fa6171a1
paper_20260708T180039Z_e5465336,2026-07-08T18:00:43.470162+00:00,original_tech,QQQ,1Hour,5,INTC,2026-07-08T18:00:43.470162+00:00,2026-07-08T18:00:43.470162+00:00,0.2,opened,67c3c9f9-746e-4f0d-bb31-5453e5f65937
paper_20260708T180039Z_e5465336,2026-07-08T18:00:43.470162+00:00,original_tech,QQQ,1Hour,5,META,,2026-07-08T18:00:43.470162+00:00,0.0,closed,496b3892-2a84-4984-a8e7-77d448a81d8e
paper_20260708T180039Z_e5465336,2026-07-08T18:00:43.470162+00:00,original_tech,QQQ,1Hour,5,MSFT,,2026-07-08T18:00:43.470162+00:00,0.2,held,
paper_20260708T180039Z_e5465336,2026-07-08T18:00:43.470162+00:00,original_tech,QQQ,1Hour,5,TSLA,2026-07-08T18:00:43.470162+00:00,2026-07-08T18:00:43.470162+00:00,0.2,opened,f95d99ba-c181-44f5-856e-5a5c6a4e18df
paper_20260708T180039Z_e5465336,2026-07-08T18:00:47.087656+00:00,tech_no_nvda,QQQ,1Hour,5,AMZN,,2026-07-08T18:00:47.087656+00:00,0.2,held,
paper_20260708T180039Z_e5465336,2026-07-08T18:00:47.087656+00:00,tech_no_nvda,QQQ,1Hour,5,GOOGL,2026-07-08T18:00:47.087656+00:00,2026-07-08T18:00:47.087656+00:00,0.2,opened,be07fd2f-f279-448b-936f-1755814bfa12
paper_20260708T180039Z_e5465336,2026-07-08T18:00:47.087656+00:00,tech_no_nvda,QQQ,1Hour,5,INTC,,2026-07-08T18:00:47.087656+00:00,0.2,held,
paper_20260708T180039Z_e5465336,2026-07-08T18:00:47.087656+00:00,tech_no_nvda,QQQ,1Hour,5,MSFT,,2026-07-08T18:00:47.087656+00:00,0.2,held,
paper_20260708T180039Z_e5465336,2026-07-08T18:00:47.087656+00:00,tech_no_nvda,QQQ,1Hour,5,TSLA,,2026-07-08T18:00:47.087656+00:00,0.2,held,
paper_20260708T180039Z_e5465336,2026-07-08T18:00:51.644726+00:00,new_tech,QQQ,1Hour,5,CRWD,2026-07-08T18:00:51.644726+00:00,2026-07-08T18:00:51.644726+00:00,0.2,opened,ae8eb161-9072-484f-a791-7c7cff5a66a5
paper_20260708T180039Z_e5465336,2026-07-08T18:00:51.644726+00:00,new_tech,QQQ,1Hour,5,CSCO,2026-07-08T18:00:51.644726+00:00,2026-07-08T18:00:51.644726+00:00,0.2,opened,dcb6b568-8efd-47bf-8369-cff3097bbe2c
paper_20260708T180039Z_e5465336,2026-07-08T18:00:51.644726+00:00,new_tech,QQQ,1Hour,5,DELL,2026-07-08T18:00:51.644726+00:00,2026-07-08T18:00:51.644726+00:00,0.2,opened,34a54dd9-7ac5-40ab-bc9d-ff58d37c5a97
paper_20260708T180039Z_e5465336,2026-07-08T18:00:51.644726+00:00,new_tech,QQQ,1Hour,5,MU,2026-07-08T18:00:51.644726+00:00,2026-07-08T18:00:51.644726+00:00,0.2,opened,71e7bb29-c992-42d8-a88c-c732c560c41e
paper_20260708T180039Z_e5465336,2026-07-08T18:00:51.644726+00:00,new_tech,QQQ,1Hour,5,NOW,,2026-07-08T18:00:51.644726+00:00,0.0,closed,6bbe7294-f6f2-4796-a736-3e8b7616aa35
paper_20260708T180039Z_e5465336,2026-07-08T18:00:51.644726+00:00,new_tech,QQQ,1Hour,5,PLTR,,2026-07-08T18:00:51.644726+00:00,0.0,closed,ce27a930-7a7f-4199-b414-925db8958cf5
paper_20260708T180039Z_e5465336,2026-07-08T18:00:51.644726+00:00,new_tech,QQQ,1Hour,5,SMCI,,2026-07-08T18:00:51.644726+00:00,0.0,closed,31be22f2-6b7d-4db1-9e1a-ae45d1dae603
paper_20260708T180039Z_e5465336,2026-07-08T18:00:51.644726+00:00,new_tech,QQQ,1Hour,5,SNOW,2026-07-08T18:00:51.644726+00:00,2026-07-08T18:00:51.644726+00:00,0.2,opened,57ad4316-f43a-45da-8aa0-47d249dfee51
paper_20260708T180039Z_e5465336,2026-07-08T18:00:57.267503+00:00,defensive_non_tech,SPY,1Hour,5,ABBV,2026-07-08T18:00:57.267503+00:00,2026-07-08T18:00:57.267503+00:00,0.2,opened,5c814f52-08bc-475f-b92e-e91c1844ccea
paper_20260708T180039Z_e5465336,2026-07-08T18:00:57.267503+00:00,defensive_non_tech,SPY,1Hour,5,COST,,2026-07-08T18:00:57.267503+00:00,0.0,closed,6f5373ca-7d3a-470a-9bc9-fd669fab1c41
paper_20260708T180039Z_e5465336,2026-07-08T18:00:57.267503+00:00,defensive_non_tech,SPY,1Hour,5,CVX,,2026-07-08T18:00:57.267503+00:00,0.0,closed,f506965d-c8ff-4df1-aed7-6129f054966e
paper_20260708T180039Z_e5465336,2026-07-08T18:00:57.267503+00:00,defensive_non_tech,SPY,1Hour,5,JNJ,2026-07-08T18:00:57.267503+00:00,2026-07-08T18:00:57.267503+00:00,0.2,opened,72b60fe2-a167-4ce1-bcaf-15be2dce64e8
paper_20260708T180039Z_e5465336,2026-07-08T18:00:57.267503+00:00,defensive_non_tech,SPY,1Hour,5,KO,2026-07-08T18:00:57.267503+00:00,2026-07-08T18:00:57.267503+00:00,0.2,opened,283ef387-5589-4806-bdc4-82c018c3be6b
paper_20260708T180039Z_e5465336,2026-07-08T18:00:57.267503+00:00,defensive_non_tech,SPY,1Hour,5,PG,2026-07-08T18:00:57.267503+00:00,2026-07-08T18:00:57.267503+00:00,0.2,opened,9862dd5f-daa1-4cdb-9adc-3881b91d9fdc
paper_20260708T180039Z_e5465336,2026-07-08T18:00:57.267503+00:00,defensive_non_tech,SPY,1Hour,5,WMT,2026-07-08T18:00:57.267503+00:00,2026-07-08T18:00:57.267503+00:00,0.2,opened,88737c56-ae4c-4a0e-9c4a-ec6fc76e081b
paper_20260708T180039Z_e5465336,2026-07-08T18:00:57.267503+00:00,defensive_non_tech,SPY,1Hour,5,XOM,,2026-07-08T18:00:57.267503+00:00,0.0,closed,ceac9125-8bab-4e97-9f21-c819b97af0cc
paper_20260708T190003Z_d5c4ccb1,2026-07-08T19:00:07.642483+00:00,original_tech,QQQ,1Hour,5,AAPL,2026-07-08T19:00:07.642483+00:00,2026-07-08T19:00:07.642483+00:00,0.2,opened,e6857911-a2f2-455f-89e7-9db886176eb8
paper_20260708T190003Z_d5c4ccb1,2026-07-08T19:00:07.642483+00:00,original_tech,QQQ,1Hour,5,AMZN,,2026-07-08T19:00:07.642483+00:00,0.2,held,
paper_20260708T190003Z_d5c4ccb1,2026-07-08T19:00:07.642483+00:00,original_tech,QQQ,1Hour,5,GOOGL,2026-07-08T19:00:07.642483+00:00,2026-07-08T19:00:07.642483+00:00,0.2,opened,36889240-c81e-4788-b89f-abdf64928df3
paper_20260708T190003Z_d5c4ccb1,2026-07-08T19:00:07.642483+00:00,original_tech,QQQ,1Hour,5,INTC,,2026-07-08T19:00:07.642483+00:00,0.2,held,
paper_20260708T190003Z_d5c4ccb1,2026-07-08T19:00:07.642483+00:00,original_tech,QQQ,1Hour,5,MSFT,,2026-07-08T19:00:07.642483+00:00,0.0,closed,ab803fc0-2186-42ba-a627-7cde8bf51ab5
paper_20260708T190003Z_d5c4ccb1,2026-07-08T19:00:07.642483+00:00,original_tech,QQQ,1Hour,5,TSLA,2026-07-08T19:00:07.642483+00:00,2026-07-08T19:00:07.642483+00:00,0.2,opened,102092d8-0049-42f8-ad48-e7c04c6728bb
paper_20260708T190003Z_d5c4ccb1,2026-07-08T19:00:11.564831+00:00,tech_no_nvda,QQQ,1Hour,5,AAPL,,2026-07-08T19:00:11.564831+00:00,0.2,held,
paper_20260708T190003Z_d5c4ccb1,2026-07-08T19:00:11.564831+00:00,tech_no_nvda,QQQ,1Hour,5,AMZN,,2026-07-08T19:00:11.564831+00:00,0.2,held,
paper_20260708T190003Z_d5c4ccb1,2026-07-08T19:00:11.564831+00:00,tech_no_nvda,QQQ,1Hour,5,GOOGL,,2026-07-08T19:00:11.564831+00:00,0.2,held,
paper_20260708T190003Z_d5c4ccb1,2026-07-08T19:00:11.564831+00:00,tech_no_nvda,QQQ,1Hour,5,INTC,,2026-07-08T19:00:11.564831+00:00,0.2,held,
paper_20260708T190003Z_d5c4ccb1,2026-07-08T19:00:11.564831+00:00,tech_no_nvda,QQQ,1Hour,5,TSLA,,2026-07-08T19:00:11.564831+00:00,0.2,held,
paper_20260708T190003Z_d5c4ccb1,2026-07-08T19:00:15.524685+00:00,new_tech,QQQ,1Hour,5,CRWD,,2026-07-08T19:00:15.524685+00:00,0.0,closed,cb5b8750-7666-4cf2-89a1-848cb7b0d7ff
paper_20260708T190003Z_d5c4ccb1,2026-07-08T19:00:15.524685+00:00,new_tech,QQQ,1Hour,5,CSCO,2026-07-08T19:00:15.524685+00:00,2026-07-08T19:00:15.524685+00:00,0.2,opened,6ba07fff-a895-4e52-a509-037c626e65b3
paper_20260708T190003Z_d5c4ccb1,2026-07-08T19:00:15.524685+00:00,new_tech,QQQ,1Hour,5,DELL,2026-07-08T19:00:15.524685+00:00,2026-07-08T19:00:15.524685+00:00,0.2,opened,d3953893-8d72-40bd-990c-fe8487789f83
paper_20260708T190003Z_d5c4ccb1,2026-07-08T19:00:15.524685+00:00,new_tech,QQQ,1Hour,5,MU,,2026-07-08T19:00:15.524685+00:00,0.2,held,
paper_20260708T190003Z_d5c4ccb1,2026-07-08T19:00:15.524685+00:00,new_tech,QQQ,1Hour,5,ORCL,2026-07-08T19:00:15.524685+00:00,2026-07-08T19:00:15.524685+00:00,0.2,opened,8c48997a-2571-4af6-b6c3-d541500fb1ee
paper_20260708T190003Z_d5c4ccb1,2026-07-08T19:00:15.524685+00:00,new_tech,QQQ,1Hour,5,SNOW,,2026-07-08T19:00:15.524685+00:00,0.2,held,
paper_20260708T190003Z_d5c4ccb1,2026-07-08T19:00:19.859623+00:00,defensive_non_tech,SPY,1Hour,5,ABBV,,2026-07-08T19:00:19.859623+00:00,0.0,closed,1ac52e9a-c33d-4e48-9481-e3f15017cf85
paper_20260708T190003Z_d5c4ccb1,2026-07-08T19:00:19.859623+00:00,defensive_non_tech,SPY,1Hour,5,COST,2026-07-08T19:00:19.859623+00:00,2026-07-08T19:00:19.859623+00:00,0.2,opened,6d005a8a-d2f3-4010-8513-c907ea86b5f3
paper_20260708T190003Z_d5c4ccb1,2026-07-08T19:00:19.859623+00:00,defensive_non_tech,SPY,1Hour,5,CVX,2026-07-08T19:00:19.859623+00:00,2026-07-08T19:00:19.859623+00:00,0.2,opened,8695d341-9d28-4f0d-b2e0-1648a8ddb9c4
paper_20260708T190003Z_d5c4ccb1,2026-07-08T19:00:19.859623+00:00,defensive_non_tech,SPY,1Hour,5,JNJ,,2026-07-08T19:00:19.859623+00:00,0.2,held,
paper_20260708T190003Z_d5c4ccb1,2026-07-08T19:00:19.859623+00:00,defensive_non_tech,SPY,1Hour,5,KO,2026-07-08T19:00:19.859623+00:00,2026-07-08T19:00:19.859623+00:00,0.2,opened,fb4a0cd6-2eac-4919-9225-dcc472d6cd12
paper_20260708T190003Z_d5c4ccb1,2026-07-08T19:00:19.859623+00:00,defensive_non_tech,SPY,1Hour,5,PG,,2026-07-08T19:00:19.859623+00:00,0.0,closed,43a8d1e0-8c4d-4924-b21d-74f080f0a03e
paper_20260708T190003Z_d5c4ccb1,2026-07-08T19:00:19.859623+00:00,defensive_non_tech,SPY,1Hour,5,WMT,2026-07-08T19:00:19.859623+00:00,2026-07-08T19:00:19.859623+00:00,0.2,opened,db8a6db1-65b2-4cf4-b82b-c0275b7ba46d
paper_20260709T163511Z_9eaaa82b,2026-07-09T16:35:23.024948+00:00,original_tech,QQQ,1Hour,5,AAPL,2026-07-09T16:35:23.024948+00:00,2026-07-09T16:35:23.024948+00:00,0.2,opened,7867f276-b406-483a-8dfa-588c0a2f88aa
paper_20260709T163511Z_9eaaa82b,2026-07-09T16:35:23.024948+00:00,original_tech,QQQ,1Hour,5,ADBE,2026-07-09T16:35:23.024948+00:00,2026-07-09T16:35:23.024948+00:00,0.2,opened,9d71d8b8-95ac-4c8a-abc0-26d99bb131af
paper_20260709T163511Z_9eaaa82b,2026-07-09T16:35:23.024948+00:00,original_tech,QQQ,1Hour,5,AMD,2026-07-09T16:35:23.024948+00:00,2026-07-09T16:35:23.024948+00:00,0.2,opened,91555380-53d1-4ab7-a4a2-70265552becf
paper_20260709T163511Z_9eaaa82b,2026-07-09T16:35:23.024948+00:00,original_tech,QQQ,1Hour,5,AMZN,2026-07-09T16:35:23.024948+00:00,2026-07-09T16:35:23.024948+00:00,0.2,opened,ac42ca7a-8633-4534-9964-d759b9cad489
paper_20260709T163511Z_9eaaa82b,2026-07-09T16:35:23.024948+00:00,original_tech,QQQ,1Hour,5,GOOGL,,2026-07-09T16:35:23.024948+00:00,0.0,closed,1fc35fc7-ba80-480f-b4db-850a6e589a59
paper_20260709T163511Z_9eaaa82b,2026-07-09T16:35:23.024948+00:00,original_tech,QQQ,1Hour,5,INTC,,2026-07-09T16:35:23.024948+00:00,0.0,closed,ac54dfb0-4664-4a4e-ae7a-296749477259
paper_20260709T163511Z_9eaaa82b,2026-07-09T16:35:23.024948+00:00,original_tech,QQQ,1Hour,5,NVDA,2026-07-09T16:35:23.024948+00:00,2026-07-09T16:35:23.024948+00:00,0.2,opened,f02fa1d4-6c7e-447a-a754-7f64ea024122
paper_20260709T163511Z_9eaaa82b,2026-07-09T16:35:23.024948+00:00,original_tech,QQQ,1Hour,5,TSLA,,2026-07-09T16:35:23.024948+00:00,0.0,closed,984f31fc-54d0-425d-b6f5-70b6225825a5
paper_20260709T163511Z_9eaaa82b,2026-07-09T16:35:27.112266+00:00,tech_no_nvda,QQQ,1Hour,5,AAPL,,2026-07-09T16:35:27.112266+00:00,0.2,held,
paper_20260709T163511Z_9eaaa82b,2026-07-09T16:35:27.112266+00:00,tech_no_nvda,QQQ,1Hour,5,ADBE,2026-07-09T16:35:27.112266+00:00,2026-07-09T16:35:27.112266+00:00,0.2,opened,d0d4cfdf-b94a-4cb7-8f41-ed30c7e4075a
paper_20260709T163511Z_9eaaa82b,2026-07-09T16:35:27.112266+00:00,tech_no_nvda,QQQ,1Hour,5,AMD,2026-07-09T16:35:27.112266+00:00,2026-07-09T16:35:27.112266+00:00,0.2,opened,ea588195-d8ec-42f9-91bc-22a8284cbfba
paper_20260709T163511Z_9eaaa82b,2026-07-09T16:35:27.112266+00:00,tech_no_nvda,QQQ,1Hour,5,AMZN,,2026-07-09T16:35:27.112266+00:00,0.2,held,
paper_20260709T163511Z_9eaaa82b,2026-07-09T16:35:27.112266+00:00,tech_no_nvda,QQQ,1Hour,5,MSFT,2026-07-09T16:35:27.112266+00:00,2026-07-09T16:35:27.112266+00:00,0.2,opened,54e6955d-2d87-4e59-a58b-60d4c676743c
paper_20260709T163511Z_9eaaa82b,2026-07-09T16:35:30.885599+00:00,new_tech,QQQ,1Hour,5,CSCO,,2026-07-09T16:35:30.885599+00:00,0.2,held,
paper_20260709T163511Z_9eaaa82b,2026-07-09T16:35:30.885599+00:00,new_tech,QQQ,1Hour,5,DELL,,2026-07-09T16:35:30.885599+00:00,0.2,held,
paper_20260709T163511Z_9eaaa82b,2026-07-09T16:35:30.885599+00:00,new_tech,QQQ,1Hour,5,MU,,2026-07-09T16:35:30.885599+00:00,0.0,closed,f6a74669-ac97-4d40-96eb-a4b4bf679168
paper_20260709T163511Z_9eaaa82b,2026-07-09T16:35:30.885599+00:00,new_tech,QQQ,1Hour,5,ORCL,,2026-07-09T16:35:30.885599+00:00,0.2,held,
paper_20260709T163511Z_9eaaa82b,2026-07-09T16:35:30.885599+00:00,new_tech,QQQ,1Hour,5,SMCI,2026-07-09T16:35:30.885599+00:00,2026-07-09T16:35:30.885599+00:00,0.2,opened,134ba85f-8a2f-4919-bd6f-3be427bcf3c3
paper_20260709T163511Z_9eaaa82b,2026-07-09T16:35:30.885599+00:00,new_tech,QQQ,1Hour,5,SNOW,,2026-07-09T16:35:30.885599+00:00,0.2,held,
paper_20260709T163511Z_9eaaa82b,2026-07-09T16:35:35.679522+00:00,defensive_non_tech,SPY,1Hour,5,ABBV,2026-07-09T16:35:35.679522+00:00,2026-07-09T16:35:35.679522+00:00,0.2,opened,22e7700b-9a70-483a-bc97-c9f344d962c6
paper_20260709T163511Z_9eaaa82b,2026-07-09T16:35:35.679522+00:00,defensive_non_tech,SPY,1Hour,5,COST,,2026-07-09T16:35:35.679522+00:00,0.0,closed,59852a1b-2d07-49a7-a804-3b1d02d4eb5c
paper_20260709T163511Z_9eaaa82b,2026-07-09T16:35:35.679522+00:00,defensive_non_tech,SPY,1Hour,5,CVX,,2026-07-09T16:35:35.679522+00:00,0.0,closed,e3432c4a-4fe2-4f68-b5b4-54cc27198ef1
paper_20260709T163511Z_9eaaa82b,2026-07-09T16:35:35.679522+00:00,defensive_non_tech,SPY,1Hour,5,JNJ,2026-07-09T16:35:35.679522+00:00,2026-07-09T16:35:35.679522+00:00,0.2,opened,762f9cc9-66cf-4f5b-b5d5-2f4135657267
paper_20260709T163511Z_9eaaa82b,2026-07-09T16:35:35.679522+00:00,defensive_non_tech,SPY,1Hour,5,KO,2026-07-09T16:35:35.679522+00:00,2026-07-09T16:35:35.679522+00:00,0.2,opened,ada4a553-8512-4409-9d9a-334d28f8af1e
paper_20260709T163511Z_9eaaa82b,2026-07-09T16:35:35.679522+00:00,defensive_non_tech,SPY,1Hour,5,PG,2026-07-09T16:35:35.679522+00:00,2026-07-09T16:35:35.679522+00:00,0.2,opened,b7defae6-87bc-4d27-bf08-4734f55c5340
paper_20260709T163511Z_9eaaa82b,2026-07-09T16:35:35.679522+00:00,defensive_non_tech,SPY,1Hour,5,WMT,2026-07-09T16:35:35.679522+00:00,2026-07-09T16:35:35.679522+00:00,0.2,opened,37ccdc46-695c-498c-ae3a-afa7d8402f01
paper_20260709T173505Z_46333787,2026-07-09T17:35:12.891718+00:00,original_tech,QQQ,1Hour,5,AAPL,2026-07-09T17:35:12.891718+00:00,2026-07-09T17:35:12.891718+00:00,0.2,opened,adc5c04d-b361-49d2-b09d-5cc2ee5a0700
paper_20260709T173505Z_46333787,2026-07-09T17:35:12.891718+00:00,original_tech,QQQ,1Hour,5,ADBE,2026-07-09T17:35:12.891718+00:00,2026-07-09T17:35:12.891718+00:00,0.2,opened,23c23839-32c1-43db-9037-4753c605f311
paper_20260709T173505Z_46333787,2026-07-09T17:35:12.891718+00:00,original_tech,QQQ,1Hour,5,AMD,,2026-07-09T17:35:12.891718+00:00,0.0,closed,bbe9a52e-ae14-493a-b61d-5c49f42939c8
paper_20260709T173505Z_46333787,2026-07-09T17:35:12.891718+00:00,original_tech,QQQ,1Hour,5,AMZN,,2026-07-09T17:35:12.891718+00:00,0.0,closed,ac3524cf-176a-42b6-aaa9-ce0a82d18426
paper_20260709T173505Z_46333787,2026-07-09T17:35:12.891718+00:00,original_tech,QQQ,1Hour,5,GOOGL,2026-07-09T17:35:12.891718+00:00,2026-07-09T17:35:12.891718+00:00,0.2,opened,4c29163a-ea0f-45ea-9daa-7f557ced341d
paper_20260709T173505Z_46333787,2026-07-09T17:35:12.891718+00:00,original_tech,QQQ,1Hour,5,META,2026-07-09T17:35:12.891718+00:00,2026-07-09T17:35:12.891718+00:00,0.2,opened,2cfe6c9c-bff2-4e46-b94b-d508f54fbf30
paper_20260709T173505Z_46333787,2026-07-09T17:35:12.891718+00:00,original_tech,QQQ,1Hour,5,MSFT,,2026-07-09T17:35:12.891718+00:00,0.2,held,
paper_20260709T173505Z_46333787,2026-07-09T17:35:12.891718+00:00,original_tech,QQQ,1Hour,5,NVDA,,2026-07-09T17:35:12.891718+00:00,0.0,closed,4e3211b4-b3cf-4ed2-be59-7b0420c3e867
paper_20260709T173505Z_46333787,2026-07-09T17:35:17.235648+00:00,tech_no_nvda,QQQ,1Hour,5,AAPL,,2026-07-09T17:35:17.235648+00:00,0.2,held,
paper_20260709T173505Z_46333787,2026-07-09T17:35:17.235648+00:00,tech_no_nvda,QQQ,1Hour,5,ADBE,,2026-07-09T17:35:17.235648+00:00,0.2,held,
paper_20260709T173505Z_46333787,2026-07-09T17:35:17.235648+00:00,tech_no_nvda,QQQ,1Hour,5,GOOGL,2026-07-09T17:35:17.235648+00:00,2026-07-09T17:35:17.235648+00:00,0.2,opened,ab403329-0d00-4376-a9c3-ad5560648076
paper_20260709T173505Z_46333787,2026-07-09T17:35:17.235648+00:00,tech_no_nvda,QQQ,1Hour,5,META,2026-07-09T17:35:17.235648+00:00,2026-07-09T17:35:17.235648+00:00,0.2,opened,4368a04b-01ac-4960-a282-c8fb558d2c7e
paper_20260709T173505Z_46333787,2026-07-09T17:35:17.235648+00:00,tech_no_nvda,QQQ,1Hour,5,MSFT,,2026-07-09T17:35:17.235648+00:00,0.2,held,
paper_20260709T173505Z_46333787,2026-07-09T17:35:22.218361+00:00,new_tech,QQQ,1Hour,5,CSCO,,2026-07-09T17:35:22.218361+00:00,0.0,closed,3cabd37b-4d0f-45fc-a475-479bfd136d9f
paper_20260709T173505Z_46333787,2026-07-09T17:35:22.218361+00:00,new_tech,QQQ,1Hour,5,DELL,,2026-07-09T17:35:22.218361+00:00,0.2,held,
paper_20260709T173505Z_46333787,2026-07-09T17:35:22.218361+00:00,new_tech,QQQ,1Hour,5,NET,2026-07-09T17:35:22.218361+00:00,2026-07-09T17:35:22.218361+00:00,0.2,opened,49cb01ab-d749-4033-95e3-4c6dedcfb9fb
paper_20260709T173505Z_46333787,2026-07-09T17:35:22.218361+00:00,new_tech,QQQ,1Hour,5,NOW,2026-07-09T17:35:22.218361+00:00,2026-07-09T17:35:22.218361+00:00,0.2,opened,e45b3ad6-7ff6-4cf4-bc56-806471ab9ce8
paper_20260709T173505Z_46333787,2026-07-09T17:35:22.218361+00:00,new_tech,QQQ,1Hour,5,ORCL,,2026-07-09T17:35:22.218361+00:00,0.0,closed,f4426df0-a8be-4266-9f99-7d35d67e6cec
paper_20260709T173505Z_46333787,2026-07-09T17:35:22.218361+00:00,new_tech,QQQ,1Hour,5,PLTR,2026-07-09T17:35:22.218361+00:00,2026-07-09T17:35:22.218361+00:00,0.2,opened,5c2288d3-38e0-45d0-abf7-66019c2316be
paper_20260709T173505Z_46333787,2026-07-09T17:35:22.218361+00:00,new_tech,QQQ,1Hour,5,SMCI,,2026-07-09T17:35:22.218361+00:00,0.0,closed,3e343153-e9e0-4af6-ba69-fd51220d4900
paper_20260709T173505Z_46333787,2026-07-09T17:35:22.218361+00:00,new_tech,QQQ,1Hour,5,SNOW,,2026-07-09T17:35:22.218361+00:00,0.2,held,
paper_20260709T173505Z_46333787,2026-07-09T17:35:26.973207+00:00,defensive_non_tech,SPY,1Hour,5,ABBV,,2026-07-09T17:35:26.973207+00:00,0.0,closed,4182df78-1070-4c54-9ffb-762cb28e47e9
paper_20260709T173505Z_46333787,2026-07-09T17:35:26.973207+00:00,defensive_non_tech,SPY,1Hour,5,COST,2026-07-09T17:35:26.973207+00:00,2026-07-09T17:35:26.973207+00:00,0.2,opened,871b3ecf-5292-4fb2-8446-8791eb7d75eb
paper_20260709T173505Z_46333787,2026-07-09T17:35:26.973207+00:00,defensive_non_tech,SPY,1Hour,5,JNJ,,2026-07-09T17:35:26.973207+00:00,0.0,closed,3ba04d4d-a913-47bb-b6c4-c6fec145fbd8
paper_20260709T173505Z_46333787,2026-07-09T17:35:26.973207+00:00,defensive_non_tech,SPY,1Hour,5,KO,,2026-07-09T17:35:26.973207+00:00,0.2,held,
paper_20260709T173505Z_46333787,2026-07-09T17:35:26.973207+00:00,defensive_non_tech,SPY,1Hour,5,PEP,2026-07-09T17:35:26.973207+00:00,2026-07-09T17:35:26.973207+00:00,0.2,opened,94b54e27-a9ee-4896-ab7b-2c8b597b84ce
paper_20260709T173505Z_46333787,2026-07-09T17:35:26.973207+00:00,defensive_non_tech,SPY,1Hour,5,PG,2026-07-09T17:35:26.973207+00:00,2026-07-09T17:35:26.973207+00:00,0.2,opened,ecce253a-5f09-4015-805b-201b4cdabf19
paper_20260709T173505Z_46333787,2026-07-09T17:35:26.973207+00:00,defensive_non_tech,SPY,1Hour,5,WMT,2026-07-09T17:35:26.973207+00:00,2026-07-09T17:35:26.973207+00:00,0.2,opened,63af2c8e-d364-41d0-9514-7f83a16b1333
paper_20260709T183504Z_f4c3161f,2026-07-09T18:35:08.335550+00:00,original_tech,QQQ,1Hour,5,AAPL,2026-07-09T18:35:08.335550+00:00,2026-07-09T18:35:08.335550+00:00,0.2,opened,96139982-1505-434b-8579-3be820007d4b
paper_20260709T183504Z_f4c3161f,2026-07-09T18:35:08.335550+00:00,original_tech,QQQ,1Hour,5,ADBE,2026-07-09T18:35:08.335550+00:00,2026-07-09T18:35:08.335550+00:00,0.2,opened,16543772-bb71-4fea-bf1f-c072a7cc8000
paper_20260709T183504Z_f4c3161f,2026-07-09T18:35:08.335550+00:00,original_tech,QQQ,1Hour,5,AMZN,2026-07-09T18:35:08.335550+00:00,2026-07-09T18:35:08.335550+00:00,0.2,opened,8317b94c-b625-46c2-a59a-6ae939518a65
paper_20260709T183504Z_f4c3161f,2026-07-09T18:35:08.335550+00:00,original_tech,QQQ,1Hour,5,GOOGL,,2026-07-09T18:35:08.335550+00:00,0.2,held,
paper_20260709T183504Z_f4c3161f,2026-07-09T18:35:08.335550+00:00,original_tech,QQQ,1Hour,5,META,,2026-07-09T18:35:08.335550+00:00,0.0,closed,ee5fc867-fd05-46a8-9012-b9e7962798a0
paper_20260709T183504Z_f4c3161f,2026-07-09T18:35:08.335550+00:00,original_tech,QQQ,1Hour,5,MSFT,,2026-07-09T18:35:08.335550+00:00,0.2,held,
paper_20260709T183504Z_f4c3161f,2026-07-09T18:35:12.529549+00:00,tech_no_nvda,QQQ,1Hour,5,AAPL,,2026-07-09T18:35:12.529549+00:00,0.2,held,
paper_20260709T183504Z_f4c3161f,2026-07-09T18:35:12.529549+00:00,tech_no_nvda,QQQ,1Hour,5,ADBE,,2026-07-09T18:35:12.529549+00:00,0.2,held,
paper_20260709T183504Z_f4c3161f,2026-07-09T18:35:12.529549+00:00,tech_no_nvda,QQQ,1Hour,5,AMZN,2026-07-09T18:35:12.529549+00:00,2026-07-09T18:35:12.529549+00:00,0.2,opened,b6b319f7-bb8b-4023-b800-02a9e7f22022
paper_20260709T183504Z_f4c3161f,2026-07-09T18:35:12.529549+00:00,tech_no_nvda,QQQ,1Hour,5,GOOGL,,2026-07-09T18:35:12.529549+00:00,0.2,held,
paper_20260709T183504Z_f4c3161f,2026-07-09T18:35:12.529549+00:00,tech_no_nvda,QQQ,1Hour,5,MSFT,,2026-07-09T18:35:12.529549+00:00,0.2,held,
paper_20260709T183504Z_f4c3161f,2026-07-09T18:35:17.000417+00:00,new_tech,QQQ,1Hour,5,CSCO,2026-07-09T18:35:17.000417+00:00,2026-07-09T18:35:17.000417+00:00,0.2,opened,65b61041-b477-4e74-9081-71399f2c7dc4
paper_20260709T183504Z_f4c3161f,2026-07-09T18:35:17.000417+00:00,new_tech,QQQ,1Hour,5,DELL,,2026-07-09T18:35:17.000417+00:00,0.2,held,
paper_20260709T183504Z_f4c3161f,2026-07-09T18:35:17.000417+00:00,new_tech,QQQ,1Hour,5,NET,,2026-07-09T18:35:17.000417+00:00,0.0,closed,45ac0eef-de67-4d52-9063-61b99049f0c1
paper_20260709T183504Z_f4c3161f,2026-07-09T18:35:17.000417+00:00,new_tech,QQQ,1Hour,5,NOW,,2026-07-09T18:35:17.000417+00:00,0.0,closed,9e656fd4-57f7-4311-9d1c-882124fbef31
paper_20260709T183504Z_f4c3161f,2026-07-09T18:35:17.000417+00:00,new_tech,QQQ,1Hour,5,PLTR,,2026-07-09T18:35:17.000417+00:00,0.2,held,
paper_20260709T183504Z_f4c3161f,2026-07-09T18:35:17.000417+00:00,new_tech,QQQ,1Hour,5,SMCI,2026-07-09T18:35:17.000417+00:00,2026-07-09T18:35:17.000417+00:00,0.2,opened,550b2b05-6532-4926-8af0-f11c7ace4462
paper_20260709T183504Z_f4c3161f,2026-07-09T18:35:17.000417+00:00,new_tech,QQQ,1Hour,5,SNOW,,2026-07-09T18:35:17.000417+00:00,0.2,held,
paper_20260709T183504Z_f4c3161f,2026-07-09T18:35:21.524630+00:00,defensive_non_tech,SPY,1Hour,5,COST,,2026-07-09T18:35:21.524630+00:00,0.0,closed,85d5c294-e593-4f0a-8165-46d89813edc9
paper_20260709T183504Z_f4c3161f,2026-07-09T18:35:21.524630+00:00,defensive_non_tech,SPY,1Hour,5,KO,2026-07-09T18:35:21.524630+00:00,2026-07-09T18:35:21.524630+00:00,0.2,opened,a379d985-68d0-4ec7-8639-65e95d2aefda
paper_20260709T183504Z_f4c3161f,2026-07-09T18:35:21.524630+00:00,defensive_non_tech,SPY,1Hour,5,MRK,2026-07-09T18:35:21.524630+00:00,2026-07-09T18:35:21.524630+00:00,0.2,opened,76ea0b6b-e876-4258-83ae-947f749b88bd
paper_20260709T183504Z_f4c3161f,2026-07-09T18:35:21.524630+00:00,defensive_non_tech,SPY,1Hour,5,PEP,2026-07-09T18:35:21.524630+00:00,2026-07-09T18:35:21.524630+00:00,0.2,opened,a2e14182-2f6d-41a1-af07-838675f2521a
paper_20260709T183504Z_f4c3161f,2026-07-09T18:35:21.524630+00:00,defensive_non_tech,SPY,1Hour,5,PG,2026-07-09T18:35:21.524630+00:00,2026-07-09T18:35:21.524630+00:00,0.2,opened,df1f30e4-b5b5-4afb-861c-17ca500adc89
paper_20260709T183504Z_f4c3161f,2026-07-09T18:35:21.524630+00:00,defensive_non_tech,SPY,1Hour,5,WMT,,2026-07-09T18:35:21.524630+00:00,0.0,closed,d4ba3f5f-f6c2-4e22-b22c-35e65bc454bb
paper_20260709T183504Z_f4c3161f,2026-07-09T18:35:21.524630+00:00,defensive_non_tech,SPY,1Hour,5,XOM,2026-07-09T18:35:21.524630+00:00,2026-07-09T18:35:21.524630+00:00,0.2,opened,fcaa17cf-f412-4062-93b6-e20edfbaf211
